"","Control_1","Control_2","Control_3","Treated_1","Treated_2","Treated_3"
"Gene_1",52,88,96,62,95,147
"Gene_2",63,76,94,57,97,122
"Gene_3",45,78,98,54,83,122
"Gene_4",57,73,91,58,96,99
"Gene_5",66,75,95,66,82,130
"Gene_6",59,74,110,61,109,116
"Gene_7",48,89,109,59,104,144
"Gene_8",45,85,103,57,104,105
"Gene_9",63,70,104,54,85,104
"Gene_10",58,85,86,62,91,111
"Gene_11",58,90,96,64,98,98
"Gene_12",56,58,105,67,113,100
"Gene_13",52,74,122,75,95,118
"Gene_14",64,85,96,67,95,112
"Gene_15",61,80,131,73,86,128
"Gene_16",55,70,98,64,92,116
"Gene_17",50,93,94,64,90,124
"Gene_18",49,75,104,55,97,108
"Gene_19",54,64,96,58,112,102
"Gene_20",51,87,108,75,109,136
"Gene_21",62,88,96,66,92,146
"Gene_22",55,67,107,57,103,123
"Gene_23",48,78,124,64,94,98
"Gene_24",48,68,101,55,97,102
"Gene_25",54,72,96,60,89,114
"Gene_26",54,85,110,54,101,132
"Gene_27",55,83,103,60,77,120
"Gene_28",61,91,108,53,92,87
"Gene_29",55,82,87,66,92,112
"Gene_30",57,84,88,58,94,126
"Gene_31",74,89,105,58,116,106
"Gene_32",53,78,90,62,86,138
"Gene_33",58,72,100,70,107,124
"Gene_34",61,78,116,58,91,128
"Gene_35",55,84,122,70,90,130
"Gene_36",64,90,107,67,113,120
"Gene_37",50,71,104,59,101,120
"Gene_38",53,72,121,67,89,108
"Gene_39",50,99,94,54,108,130
"Gene_40",55,77,104,57,95,134
"Gene_41",57,74,104,58,96,123
"Gene_42",55,69,92,57,83,135
"Gene_43",55,71,116,73,107,126
"Gene_44",64,87,112,50,101,122
"Gene_45",54,83,101,69,86,108
"Gene_46",52,81,108,72,100,129
"Gene_47",59,84,92,46,107,118
"Gene_48",57,81,110,82,98,110
"Gene_49",57,75,105,60,91,118
"Gene_50",58,80,116,68,86,126
"Gene_51",52,76,101,74,100,105
"Gene_52",69,82,110,68,104,118
"Gene_53",48,81,87,63,103,120
"Gene_54",57,91,113,62,103,106
"Gene_55",59,68,126,73,77,129
"Gene_56",56,94,101,60,103,135
"Gene_57",62,82,100,42,101,126
"Gene_58",69,82,99,62,113,100
"Gene_59",52,68,100,59,100,117
"Gene_60",50,64,82,70,86,122
"Gene_61",51,86,109,66,92,128
"Gene_62",59,69,103,63,94,112
"Gene_63",55,65,92,63,101,128
"Gene_64",51,96,109,64,86,105
"Gene_65",57,84,121,67,86,116
"Gene_66",55,83,104,58,83,104
"Gene_67",56,97,109,58,74,130
"Gene_68",58,90,94,66,76,123
"Gene_69",53,84,82,63,106,134
"Gene_70",51,72,95,80,97,123
"Gene_71",57,76,92,65,84,132
"Gene_72",62,75,94,66,84,122
"Gene_73",58,77,92,53,88,138
"Gene_74",54,65,120,68,83,106
"Gene_75",57,68,98,58,89,116
"Gene_76",52,83,101,66,97,104
"Gene_77",57,66,100,67,102,117
"Gene_78",52,86,103,56,95,122
"Gene_79",64,73,116,54,118,124
"Gene_80",52,69,103,66,88,135
"Gene_81",65,85,109,62,82,158
"Gene_82",54,89,105,54,98,141
"Gene_83",57,81,131,62,92,116
"Gene_84",66,87,120,62,109,102
"Gene_85",56,74,107,68,92,116
"Gene_86",63,71,108,60,74,105
"Gene_87",52,85,127,68,103,130
"Gene_88",55,66,103,74,104,120
"Gene_89",50,76,130,57,95,88
"Gene_90",59,77,92,66,97,122
"Gene_91",54,67,121,63,77,130
"Gene_92",52,86,108,70,94,114
"Gene_93",59,78,90,68,98,128
"Gene_94",54,80,81,70,90,122
"Gene_95",59,76,131,58,91,123
"Gene_96",57,90,107,57,98,129
"Gene_97",56,90,94,77,100,129
"Gene_98",52,69,104,55,104,132
"Gene_99",62,91,124,56,95,116
"Gene_100",61,80,122,57,79,111
"Gene_101",58,66,109,60,92,135
"Gene_102",58,86,96,69,94,122
"Gene_103",59,82,95,62,107,117
"Gene_104",67,82,90,57,114,120
"Gene_105",59,92,113,43,112,117
"Gene_106",51,73,112,72,88,128
"Gene_107",56,88,100,64,109,132
"Gene_108",50,66,116,57,86,130
"Gene_109",62,62,116,66,90,118
"Gene_110",63,71,101,57,91,114
"Gene_111",66,101,105,65,104,141
"Gene_112",57,82,98,57,90,105
"Gene_113",53,79,120,58,100,117
"Gene_114",63,64,103,63,95,134
"Gene_115",46,82,98,64,83,117
"Gene_116",59,82,104,67,89,126
"Gene_117",55,81,105,74,86,129
"Gene_118",58,77,90,51,97,129
"Gene_119",49,91,96,70,91,118
"Gene_120",71,77,118,66,112,134
"Gene_121",41,66,98,78,103,117
"Gene_122",57,79,104,66,107,132
"Gene_123",49,76,101,65,97,128
"Gene_124",55,80,103,58,92,142
"Gene_125",55,78,108,61,92,117
"Gene_126",46,74,88,72,100,92
"Gene_127",62,87,91,58,91,116
"Gene_128",53,81,110,57,80,116
"Gene_129",52,65,92,68,94,110
"Gene_130",48,77,109,63,91,99
"Gene_131",44,71,107,54,80,120
"Gene_132",57,76,94,58,104,130
"Gene_133",59,67,116,62,103,110
"Gene_134",52,89,90,49,100,129
"Gene_135",58,81,129,66,100,118
"Gene_136",68,87,95,85,88,118
"Gene_137",48,95,104,78,101,122
"Gene_138",55,75,88,77,98,138
"Gene_139",69,81,94,59,107,134
"Gene_140",51,92,105,54,94,99
"Gene_141",67,95,125,61,84,122
"Gene_142",50,96,99,63,92,142
"Gene_143",58,68,98,63,94,106
"Gene_144",52,81,120,66,96,122
"Gene_145",50,85,81,66,108,129
"Gene_146",53,97,92,67,112,124
"Gene_147",43,65,117,57,94,111
"Gene_148",55,77,104,65,82,120
"Gene_149",62,84,88,61,110,116
"Gene_150",56,78,96,60,92,142
"Gene_151",60,84,103,71,103,128
"Gene_152",52,93,99,60,78,123
"Gene_153",60,82,114,71,95,148
"Gene_154",60,93,95,75,96,140
"Gene_155",64,84,112,58,90,126
"Gene_156",52,78,110,61,91,134
"Gene_157",68,79,99,73,103,123
"Gene_158",59,89,118,70,85,122
"Gene_159",48,68,103,74,89,128
"Gene_160",48,80,91,70,85,141
"Gene_161",69,80,110,66,97,110
"Gene_162",64,84,79,69,104,132
"Gene_163",54,80,84,60,101,110
"Gene_164",47,72,105,61,107,111
"Gene_165",52,67,116,54,100,100
"Gene_166",55,77,120,64,91,117
"Gene_167",50,78,95,63,88,94
"Gene_168",55,90,112,69,92,117
"Gene_169",57,89,110,65,89,126
"Gene_170",57,65,83,62,94,111
"Gene_171",64,82,86,72,76,111
"Gene_172",52,73,99,59,96,104
"Gene_173",62,83,125,61,101,128
"Gene_174",57,70,101,62,112,128
"Gene_175",73,71,105,59,107,110
"Gene_176",57,92,91,61,95,132
"Gene_177",55,74,98,48,90,120
"Gene_178",50,90,105,55,80,152
"Gene_179",59,86,86,67,94,116
"Gene_180",62,76,104,62,110,117
"Gene_181",60,71,117,60,110,116
"Gene_182",53,100,84,46,91,122
"Gene_183",53,88,86,63,104,120
"Gene_184",51,81,91,54,100,92
"Gene_185",59,94,104,66,96,114
"Gene_186",48,86,118,56,95,106
"Gene_187",55,93,100,66,104,116
"Gene_188",57,79,125,49,80,112
"Gene_189",51,81,109,56,109,108
"Gene_190",61,77,99,62,95,118
"Gene_191",62,85,124,54,96,159
"Gene_192",60,71,120,61,84,134
"Gene_193",55,76,100,62,107,120
"Gene_194",35,81,121,60,112,123
"Gene_195",50,89,84,74,97,111
"Gene_196",59,67,100,63,78,134
"Gene_197",48,71,116,70,96,112
"Gene_198",55,66,104,60,76,130
"Gene_199",68,76,109,58,74,104
"Gene_200",55,55,99,62,104,99
"Gene_201",47,85,105,57,90,124
"Gene_202",46,95,112,54,107,117
"Gene_203",53,75,105,65,112,100
"Gene_204",47,80,98,62,106,100
"Gene_205",56,90,101,63,94,129
"Gene_206",66,75,99,65,95,136
"Gene_207",55,80,109,66,109,118
"Gene_208",62,98,101,58,98,120
"Gene_209",59,77,99,77,95,114
"Gene_210",55,79,108,66,112,120
"Gene_211",46,82,107,68,104,144
"Gene_212",53,95,108,65,94,123
"Gene_213",56,88,118,57,100,87
"Gene_214",64,75,117,70,95,105
"Gene_215",70,74,96,58,104,134
"Gene_216",65,84,86,75,66,124
"Gene_217",55,90,95,68,113,99
"Gene_218",45,92,107,54,91,104
"Gene_219",62,81,103,58,103,128
"Gene_220",52,81,90,76,92,105
"Gene_221",62,83,83,61,85,135
"Gene_222",60,89,99,60,78,102
"Gene_223",47,81,96,69,102,124
"Gene_224",54,76,121,70,97,112
"Gene_225",57,91,95,70,91,130
"Gene_226",56,87,98,69,79,134
"Gene_227",58,88,101,62,92,130
"Gene_228",56,83,95,68,98,130
"Gene_229",46,74,104,66,112,136
"Gene_230",50,88,91,68,88,135
"Gene_231",54,78,92,57,88,132
"Gene_232",63,93,109,78,82,116
"Gene_233",64,72,99,66,94,116
"Gene_234",55,72,94,66,94,104
"Gene_235",59,88,96,67,100,134
"Gene_236",43,78,91,71,100,105
"Gene_237",63,65,90,71,96,124
"Gene_238",62,93,112,62,103,138
"Gene_239",63,86,96,66,114,110
"Gene_240",52,65,107,70,104,112
"Gene_241",57,87,108,58,96,140
"Gene_242",46,84,98,60,83,98
"Gene_243",47,72,114,68,86,105
"Gene_244",53,83,104,61,94,106
"Gene_245",51,88,92,70,90,138
"Gene_246",52,86,107,55,116,124
"Gene_247",49,75,103,62,90,98
"Gene_248",54,89,101,57,108,120
"Gene_249",43,92,122,69,90,148
"Gene_250",60,71,116,60,103,99
"Gene_251",60,76,109,68,103,122
"Gene_252",45,86,87,62,103,135
"Gene_253",60,80,81,64,107,140
"Gene_254",45,71,118,75,97,117
"Gene_255",62,71,86,67,98,129
"Gene_256",52,78,100,62,91,126
"Gene_257",55,89,121,67,94,120
"Gene_258",48,79,101,74,96,112
"Gene_259",60,76,109,71,88,124
"Gene_260",55,72,120,58,88,112
"Gene_261",61,73,117,64,96,136
"Gene_262",54,74,103,63,100,100
"Gene_263",59,71,117,61,95,130
"Gene_264",52,66,96,66,104,136
"Gene_265",64,80,120,58,94,126
"Gene_266",57,82,110,64,106,122
"Gene_267",62,86,92,67,108,98
"Gene_268",46,89,110,66,110,140
"Gene_269",62,73,118,89,96,116
"Gene_270",48,70,118,65,96,134
"Gene_271",47,74,101,56,98,134
"Gene_272",58,102,131,71,104,120
"Gene_273",62,82,96,72,115,129
"Gene_274",57,98,92,54,92,134
"Gene_275",50,77,108,59,106,132
"Gene_276",59,71,107,67,90,99
"Gene_277",62,78,86,70,80,94
"Gene_278",66,82,95,58,112,122
"Gene_279",56,71,109,62,103,111
"Gene_280",55,85,105,52,113,126
"Gene_281",45,78,95,66,97,111
"Gene_282",49,96,90,61,98,116
"Gene_283",50,93,100,64,97,106
"Gene_284",53,73,101,67,113,120
"Gene_285",43,72,96,58,107,118
"Gene_286",58,74,91,69,98,90
"Gene_287",54,91,118,80,121,118
"Gene_288",57,89,100,59,113,98
"Gene_289",58,76,95,60,119,141
"Gene_290",55,70,117,54,89,114
"Gene_291",40,78,101,63,107,128
"Gene_292",48,79,116,58,112,98
"Gene_293",59,87,88,60,97,117
"Gene_294",57,77,108,62,94,106
"Gene_295",62,95,96,75,102,123
"Gene_296",61,73,114,62,92,126
"Gene_297",55,79,107,66,94,112
"Gene_298",58,81,108,72,98,99
"Gene_299",50,89,94,65,89,102
"Gene_300",70,78,135,84,98,129
"Gene_301",73,78,118,72,119,129
"Gene_302",61,83,125,71,102,118
"Gene_303",59,73,100,71,106,102
"Gene_304",52,68,107,61,98,110
"Gene_305",46,80,110,69,104,132
"Gene_306",55,75,103,66,77,132
"Gene_307",44,71,98,57,112,123
"Gene_308",51,88,110,78,92,93
"Gene_309",57,89,108,62,101,136
"Gene_310",49,92,103,74,104,124
"Gene_311",58,85,95,65,102,135
"Gene_312",61,67,105,75,115,108
"Gene_313",61,84,91,71,73,92
"Gene_314",51,84,126,61,95,120
"Gene_315",58,69,116,54,85,138
"Gene_316",52,81,92,64,80,104
"Gene_317",58,75,94,65,104,98
"Gene_318",55,72,100,62,98,104
"Gene_319",43,83,117,66,96,135
"Gene_320",65,68,124,73,106,102
"Gene_321",51,78,112,47,100,105
"Gene_322",54,77,96,57,98,118
"Gene_323",53,70,109,59,125,104
"Gene_324",53,78,101,60,125,116
"Gene_325",52,87,108,68,88,126
"Gene_326",55,91,75,63,86,117
"Gene_327",58,79,103,64,98,129
"Gene_328",59,80,105,74,91,135
"Gene_329",63,89,109,60,101,120
"Gene_330",49,82,126,54,70,111
"Gene_331",57,82,99,59,90,99
"Gene_332",59,77,92,62,101,117
"Gene_333",57,94,122,73,104,128
"Gene_334",59,85,113,59,98,111
"Gene_335",55,88,95,58,90,118
"Gene_336",53,78,100,73,83,140
"Gene_337",60,63,108,55,91,126
"Gene_338",59,75,95,66,104,129
"Gene_339",57,86,110,53,94,111
"Gene_340",58,89,116,61,86,116
"Gene_341",48,63,92,67,91,135
"Gene_342",57,68,88,72,76,116
"Gene_343",57,92,108,59,92,110
"Gene_344",64,81,78,53,107,123
"Gene_345",51,73,95,66,114,98
"Gene_346",59,78,95,58,101,124
"Gene_347",59,88,95,64,113,117
"Gene_348",55,86,113,55,97,102
"Gene_349",48,90,104,60,74,117
"Gene_350",55,91,92,70,79,96
"Gene_351",58,88,103,78,89,142
"Gene_352",57,83,105,75,95,104
"Gene_353",50,80,103,64,92,117
"Gene_354",57,81,100,66,96,117
"Gene_355",50,83,87,60,92,108
"Gene_356",62,71,99,54,103,112
"Gene_357",42,76,90,85,85,120
"Gene_358",58,75,100,82,82,124
"Gene_359",64,73,91,56,107,104
"Gene_360",49,72,109,74,86,124
"Gene_361",55,80,116,70,90,126
"Gene_362",52,66,91,54,100,118
"Gene_363",60,89,82,57,94,118
"Gene_364",57,74,98,50,95,118
"Gene_365",60,91,99,64,110,96
"Gene_366",54,51,92,66,90,130
"Gene_367",64,63,109,73,103,134
"Gene_368",62,79,114,56,113,135
"Gene_369",58,78,118,67,95,124
"Gene_370",60,79,127,54,104,116
"Gene_371",62,87,77,58,110,116
"Gene_372",39,66,79,62,106,111
"Gene_373",57,81,98,69,101,134
"Gene_374",66,85,99,62,97,111
"Gene_375",56,77,131,52,112,140
"Gene_376",52,81,124,70,97,92
"Gene_377",53,91,101,62,112,129
"Gene_378",59,87,118,52,98,123
"Gene_379",57,83,95,68,102,122
"Gene_380",61,66,109,65,77,120
"Gene_381",50,76,107,57,114,120
"Gene_382",66,86,116,70,92,114
"Gene_383",56,85,109,63,103,132
"Gene_384",63,80,103,69,107,118
"Gene_385",68,70,103,66,82,100
"Gene_386",54,77,112,65,85,132
"Gene_387",50,73,105,60,97,114
"Gene_388",55,78,99,59,95,120
"Gene_389",57,94,107,62,94,122
"Gene_390",66,82,104,69,107,129
"Gene_391",54,58,108,63,100,118
"Gene_392",46,70,87,65,98,98
"Gene_393",56,74,99,74,106,105
"Gene_394",57,76,103,66,104,142
"Gene_395",64,89,110,66,95,93
"Gene_396",57,73,70,70,84,118
"Gene_397",60,76,77,60,80,126
"Gene_398",60,87,81,66,130,123
"Gene_399",62,71,101,76,114,138
"Gene_400",52,73,88,77,100,158
"Gene_401",41,66,114,62,102,126
"Gene_402",55,77,91,74,104,117
"Gene_403",64,96,100,60,103,122
"Gene_404",64,77,91,68,89,98
"Gene_405",49,86,101,71,85,138
"Gene_406",55,79,101,74,94,117
"Gene_407",51,92,84,58,106,93
"Gene_408",57,88,98,77,78,116
"Gene_409",58,79,105,64,97,135
"Gene_410",59,73,108,74,92,116
"Gene_411",52,72,101,55,103,105
"Gene_412",62,76,100,66,80,106
"Gene_413",55,73,98,62,82,120
"Gene_414",52,75,113,56,86,112
"Gene_415",55,83,100,74,90,136
"Gene_416",50,81,101,59,91,90
"Gene_417",60,75,96,62,91,141
"Gene_418",58,98,96,54,102,111
"Gene_419",52,77,100,66,90,118
"Gene_420",57,78,110,54,109,128
"Gene_421",61,76,98,67,103,117
"Gene_422",57,79,116,63,100,123
"Gene_423",52,70,107,58,91,116
"Gene_424",56,85,108,52,96,116
"Gene_425",48,79,112,74,92,111
"Gene_426",49,72,103,55,95,120
"Gene_427",55,89,100,46,96,116
"Gene_428",59,71,112,58,91,111
"Gene_429",56,68,105,62,86,110
"Gene_430",70,67,101,79,68,129
"Gene_431",64,91,116,62,84,124
"Gene_432",57,69,108,62,89,94
"Gene_433",58,81,114,64,104,105
"Gene_434",52,74,98,66,97,130
"Gene_435",50,86,98,62,114,130
"Gene_436",47,68,92,65,116,136
"Gene_437",49,67,99,52,90,116
"Gene_438",61,90,118,62,109,126
"Gene_439",63,82,107,60,110,135
"Gene_440",58,84,105,55,110,118
"Gene_441",52,82,95,65,86,111
"Gene_442",53,77,121,64,86,106
"Gene_443",52,81,82,61,108,135
"Gene_444",52,74,124,66,106,90
"Gene_445",61,76,105,67,89,108
"Gene_446",61,80,99,67,110,126
"Gene_447",48,76,99,71,95,126
"Gene_448",60,90,117,67,95,129
"Gene_449",57,82,94,50,73,138
"Gene_450",50,89,94,75,94,118
"Gene_451",51,101,114,70,114,122
"Gene_452",56,75,116,58,100,98
"Gene_453",65,72,124,65,100,102
"Gene_454",58,75,86,67,91,106
"Gene_455",62,95,101,76,115,112
"Gene_456",54,82,88,67,96,138
"Gene_457",55,64,109,57,101,122
"Gene_458",52,88,103,62,115,122
"Gene_459",50,75,116,60,94,114
"Gene_460",49,71,109,57,113,118
"Gene_461",57,79,104,70,102,129
"Gene_462",57,80,117,67,80,104
"Gene_463",62,98,98,50,97,134
"Gene_464",57,72,94,65,108,112
"Gene_465",60,80,110,68,92,112
"Gene_466",52,76,117,59,116,130
"Gene_467",62,74,79,71,98,124
"Gene_468",46,81,120,52,98,117
"Gene_469",54,72,94,66,90,124
"Gene_470",53,92,108,66,103,118
"Gene_471",57,83,129,75,101,106
"Gene_472",64,69,91,66,104,118
"Gene_473",54,70,107,50,86,128
"Gene_474",56,82,99,54,115,114
"Gene_475",54,72,103,81,106,123
"Gene_476",51,84,104,70,122,108
"Gene_477",59,79,105,76,92,130
"Gene_478",49,86,121,51,118,118
"Gene_479",54,65,129,76,97,154
"Gene_480",50,81,104,72,82,118
"Gene_481",54,83,118,72,96,111
"Gene_482",38,73,124,57,97,152
"Gene_483",62,72,94,66,77,130
"Gene_484",49,82,103,58,72,135
"Gene_485",59,88,104,56,84,142
"Gene_486",48,78,103,60,83,134
"Gene_487",60,80,95,78,82,126
"Gene_488",50,77,84,81,86,141
"Gene_489",67,86,117,58,73,130
"Gene_490",62,68,125,66,113,102
"Gene_491",55,85,92,64,84,102
"Gene_492",55,97,104,58,98,123
"Gene_493",46,64,105,62,113,106
"Gene_494",56,73,91,73,76,144
"Gene_495",75,77,107,65,104,123
"Gene_496",56,81,110,62,83,128
"Gene_497",61,72,110,64,89,84
"Gene_498",61,89,118,62,89,124
"Gene_499",66,82,105,72,102,123
"Gene_500",56,84,109,56,96,120
"Gene_501",63,63,104,71,85,136
"Gene_502",45,85,110,64,103,126
"Gene_503",62,82,114,66,112,116
"Gene_504",66,70,103,55,95,112
"Gene_505",45,72,96,68,113,126
"Gene_506",65,86,96,68,102,108
"Gene_507",47,84,90,75,77,112
"Gene_508",55,77,84,61,84,135
"Gene_509",52,78,70,67,116,116
"Gene_510",50,79,107,63,97,108
"Gene_511",56,69,105,67,89,96
"Gene_512",36,80,96,69,94,117
"Gene_513",47,81,104,59,98,108
"Gene_514",57,58,107,66,82,124
"Gene_515",57,86,101,58,116,102
"Gene_516",49,85,112,64,86,126
"Gene_517",57,70,110,65,94,108
"Gene_518",64,81,127,70,95,123
"Gene_519",57,71,112,69,97,142
"Gene_520",57,83,130,58,96,124
"Gene_521",57,80,113,71,97,117
"Gene_522",54,68,124,60,80,120
"Gene_523",57,86,109,75,89,102
"Gene_524",57,65,104,61,98,138
"Gene_525",59,62,108,65,89,105
"Gene_526",53,77,121,50,100,105
"Gene_527",56,80,109,61,112,124
"Gene_528",62,88,113,70,102,111
"Gene_529",52,83,79,67,89,108
"Gene_530",62,86,105,67,103,132
"Gene_531",43,85,92,64,113,130
"Gene_532",62,78,107,65,96,120
"Gene_533",57,80,116,55,83,105
"Gene_534",49,88,112,58,96,122
"Gene_535",50,79,104,59,88,116
"Gene_536",51,78,113,64,133,129
"Gene_537",60,80,104,69,86,132
"Gene_538",57,81,120,68,90,118
"Gene_539",61,82,91,66,78,117
"Gene_540",64,74,90,66,89,118
"Gene_541",68,78,96,67,86,132
"Gene_542",55,87,91,74,79,134
"Gene_543",41,74,100,74,86,96
"Gene_544",52,88,108,50,103,105
"Gene_545",55,73,122,59,108,136
"Gene_546",59,82,120,66,113,132
"Gene_547",62,74,120,48,84,138
"Gene_548",52,77,116,76,120,142
"Gene_549",51,84,114,55,104,118
"Gene_550",52,90,107,70,100,129
"Gene_551",57,89,92,72,85,105
"Gene_552",62,74,96,68,124,117
"Gene_553",57,71,113,70,95,116
"Gene_554",50,81,95,58,107,116
"Gene_555",54,62,98,62,95,141
"Gene_556",62,83,83,53,98,129
"Gene_557",66,77,88,63,88,129
"Gene_558",57,82,108,74,115,117
"Gene_559",53,66,108,68,104,132
"Gene_560",63,88,95,64,109,123
"Gene_561",50,78,99,66,86,98
"Gene_562",51,86,117,72,85,104
"Gene_563",55,73,122,54,114,108
"Gene_564",55,66,114,63,79,120
"Gene_565",58,91,84,52,101,99
"Gene_566",46,78,122,50,96,117
"Gene_567",51,91,101,61,89,120
"Gene_568",51,84,121,71,83,126
"Gene_569",66,93,118,60,92,104
"Gene_570",66,79,92,64,92,152
"Gene_571",64,82,103,68,82,124
"Gene_572",50,81,107,68,91,116
"Gene_573",57,82,105,69,109,112
"Gene_574",60,91,113,66,100,135
"Gene_575",62,63,98,54,97,112
"Gene_576",55,92,91,56,101,96
"Gene_577",55,77,104,66,116,110
"Gene_578",55,79,92,67,98,124
"Gene_579",64,71,108,62,95,106
"Gene_580",63,78,120,69,92,141
"Gene_581",61,77,101,64,102,102
"Gene_582",54,74,103,63,80,106
"Gene_583",62,92,96,63,92,134
"Gene_584",56,84,96,64,94,116
"Gene_585",57,89,112,63,85,122
"Gene_586",55,86,116,68,73,128
"Gene_587",60,75,109,63,88,120
"Gene_588",55,59,86,69,107,104
"Gene_589",52,89,121,63,90,110
"Gene_590",59,71,101,70,95,110
"Gene_591",57,90,107,69,107,146
"Gene_592",51,82,103,57,85,108
"Gene_593",48,63,125,57,103,111
"Gene_594",61,73,105,75,100,114
"Gene_595",43,86,109,60,97,138
"Gene_596",49,67,105,52,88,99
"Gene_597",59,78,91,52,92,128
"Gene_598",59,97,90,66,91,124
"Gene_599",55,91,120,74,103,136
"Gene_600",55,80,95,69,96,94
"Gene_601",62,81,113,67,95,112
"Gene_602",60,80,114,58,96,111
"Gene_603",62,90,99,67,83,124
"Gene_604",71,76,98,58,90,117
"Gene_605",59,73,109,68,101,111
"Gene_606",57,85,114,61,115,99
"Gene_607",42,71,108,74,108,104
"Gene_608",60,76,84,78,106,128
"Gene_609",61,88,127,79,95,126
"Gene_610",50,74,105,72,91,136
"Gene_611",65,99,122,49,89,124
"Gene_612",55,82,100,66,103,140
"Gene_613",59,74,90,56,106,140
"Gene_614",57,86,110,58,102,138
"Gene_615",55,81,83,58,109,129
"Gene_616",55,75,120,65,103,117
"Gene_617",62,87,113,66,86,106
"Gene_618",55,77,98,62,97,114
"Gene_619",43,87,96,55,82,128
"Gene_620",50,93,114,60,100,96
"Gene_621",59,65,110,63,103,120
"Gene_622",59,75,109,56,77,134
"Gene_623",45,77,101,62,84,141
"Gene_624",51,70,114,63,92,98
"Gene_625",64,80,122,66,92,112
"Gene_626",54,69,84,46,107,102
"Gene_627",51,71,99,67,96,114
"Gene_628",46,74,91,70,85,102
"Gene_629",57,76,120,61,83,108
"Gene_630",52,81,118,62,82,104
"Gene_631",57,71,101,65,91,129
"Gene_632",67,84,112,66,91,92
"Gene_633",55,89,107,78,86,117
"Gene_634",54,72,107,70,96,105
"Gene_635",52,71,113,69,83,123
"Gene_636",61,87,116,80,120,142
"Gene_637",62,75,100,58,120,146
"Gene_638",56,86,91,60,106,108
"Gene_639",48,89,96,66,92,118
"Gene_640",62,84,107,53,85,124
"Gene_641",43,98,92,65,80,111
"Gene_642",72,82,84,63,96,118
"Gene_643",47,79,86,69,103,110
"Gene_644",61,76,90,64,103,93
"Gene_645",57,96,103,78,91,116
"Gene_646",55,80,125,62,85,128
"Gene_647",61,80,91,66,96,152
"Gene_648",58,74,107,64,101,129
"Gene_649",53,80,124,74,92,111
"Gene_650",50,85,98,45,96,132
"Gene_651",58,65,108,69,95,123
"Gene_652",52,83,105,54,91,116
"Gene_653",45,76,114,58,110,129
"Gene_654",57,73,86,65,83,116
"Gene_655",57,81,108,58,95,118
"Gene_656",55,79,94,54,102,136
"Gene_657",69,81,107,63,88,130
"Gene_658",57,75,109,66,101,122
"Gene_659",55,91,100,69,98,122
"Gene_660",64,72,112,73,82,114
"Gene_661",62,88,121,63,101,124
"Gene_662",50,90,101,54,74,128
"Gene_663",61,76,96,63,98,100
"Gene_664",55,74,100,54,112,136
"Gene_665",63,81,90,57,80,111
"Gene_666",50,95,107,57,101,123
"Gene_667",61,87,103,65,83,126
"Gene_668",62,85,114,65,96,116
"Gene_669",66,84,116,66,104,130
"Gene_670",65,78,78,62,83,123
"Gene_671",63,65,95,59,110,117
"Gene_672",48,81,78,78,108,114
"Gene_673",53,92,96,50,85,87
"Gene_674",56,73,120,54,78,134
"Gene_675",63,87,99,59,112,114
"Gene_676",61,90,116,70,92,128
"Gene_677",45,86,95,70,90,129
"Gene_678",61,73,90,61,112,111
"Gene_679",65,86,108,63,92,118
"Gene_680",55,76,82,54,96,100
"Gene_681",57,64,104,73,88,82
"Gene_682",45,72,88,68,96,122
"Gene_683",58,74,121,62,98,112
"Gene_684",58,79,112,50,73,99
"Gene_685",52,68,116,54,94,120
"Gene_686",73,97,118,78,92,136
"Gene_687",52,85,100,61,100,112
"Gene_688",57,95,101,58,86,123
"Gene_689",66,78,84,66,85,117
"Gene_690",47,77,95,70,83,118
"Gene_691",62,91,98,72,85,99
"Gene_692",66,50,98,60,109,98
"Gene_693",55,78,107,74,94,114
"Gene_694",59,79,112,55,86,122
"Gene_695",55,82,98,74,95,147
"Gene_696",62,80,100,57,84,141
"Gene_697",48,87,109,69,95,141
"Gene_698",57,76,79,52,98,141
"Gene_699",46,67,83,64,84,105
"Gene_700",53,73,82,66,84,117
"Gene_701",56,74,98,68,97,134
"Gene_702",48,74,101,66,88,118
"Gene_703",57,90,104,52,85,120
"Gene_704",47,77,96,70,84,124
"Gene_705",58,84,118,67,91,120
"Gene_706",50,67,84,61,68,138
"Gene_707",44,78,101,61,97,152
"Gene_708",57,97,88,64,109,124
"Gene_709",61,94,103,58,113,105
"Gene_710",62,90,105,68,100,116
"Gene_711",67,91,120,66,109,120
"Gene_712",71,100,122,72,92,110
"Gene_713",65,83,105,69,101,124
"Gene_714",68,75,124,64,91,111
"Gene_715",61,86,104,56,86,90
"Gene_716",67,93,87,69,94,135
"Gene_717",64,105,113,67,114,108
"Gene_718",55,78,78,61,103,114
"Gene_719",59,91,96,59,88,122
"Gene_720",50,86,116,76,96,146
"Gene_721",71,80,114,75,103,117
"Gene_722",53,79,84,58,94,110
"Gene_723",59,71,91,64,71,110
"Gene_724",49,77,84,60,90,114
"Gene_725",55,75,73,63,86,123
"Gene_726",52,75,125,58,91,130
"Gene_727",50,89,110,54,108,114
"Gene_728",57,95,121,69,104,124
"Gene_729",46,75,95,66,102,118
"Gene_730",59,77,72,73,96,126
"Gene_731",51,76,113,58,95,120
"Gene_732",62,85,98,56,90,105
"Gene_733",53,105,103,73,88,108
"Gene_734",57,76,105,57,96,116
"Gene_735",49,71,103,66,88,134
"Gene_736",58,78,103,68,86,120
"Gene_737",46,86,116,66,80,87
"Gene_738",62,81,88,52,103,96
"Gene_739",52,86,122,78,113,126
"Gene_740",59,67,88,66,78,110
"Gene_741",55,77,95,55,92,126
"Gene_742",55,65,109,50,109,117
"Gene_743",39,77,99,62,78,130
"Gene_744",48,78,110,80,85,118
"Gene_745",63,65,142,64,97,138
"Gene_746",63,82,125,86,103,120
"Gene_747",60,72,81,64,101,112
"Gene_748",56,97,108,66,108,136
"Gene_749",50,69,109,62,98,144
"Gene_750",58,69,98,44,85,110
"Gene_751",66,78,125,71,102,132
"Gene_752",53,93,114,62,97,126
"Gene_753",60,78,114,74,113,141
"Gene_754",42,79,107,57,108,135
"Gene_755",59,88,100,59,101,104
"Gene_756",64,84,99,68,96,138
"Gene_757",55,97,122,70,94,106
"Gene_758",57,78,105,54,77,117
"Gene_759",71,68,100,70,86,106
"Gene_760",58,92,103,57,108,129
"Gene_761",57,70,120,57,101,130
"Gene_762",47,70,90,66,94,108
"Gene_763",51,83,91,63,101,120
"Gene_764",55,71,98,65,97,123
"Gene_765",52,70,109,48,97,102
"Gene_766",54,95,94,66,77,123
"Gene_767",55,82,109,65,102,117
"Gene_768",64,89,107,67,88,111
"Gene_769",62,73,83,61,84,120
"Gene_770",53,77,110,56,101,140
"Gene_771",61,77,104,59,88,141
"Gene_772",54,80,110,74,95,106
"Gene_773",56,85,87,49,100,120
"Gene_774",52,92,100,63,95,110
"Gene_775",57,77,110,82,102,136
"Gene_776",62,79,100,66,82,117
"Gene_777",56,84,103,57,76,110
"Gene_778",52,81,110,55,89,123
"Gene_779",57,79,99,55,96,126
"Gene_780",57,84,117,73,104,93
"Gene_781",58,79,99,58,79,134
"Gene_782",46,72,112,56,90,118
"Gene_783",57,79,121,61,82,132
"Gene_784",47,93,107,70,106,128
"Gene_785",62,78,95,77,100,130
"Gene_786",61,72,84,50,86,106
"Gene_787",70,84,95,62,91,123
"Gene_788",57,61,114,70,77,120
"Gene_789",56,82,104,68,112,123
"Gene_790",56,71,107,74,92,111
"Gene_791",56,67,124,58,102,108
"Gene_792",57,72,107,62,108,130
"Gene_793",61,75,120,66,82,117
"Gene_794",60,78,94,63,104,92
"Gene_795",52,78,118,66,120,116
"Gene_796",46,72,110,63,97,106
"Gene_797",58,87,98,70,83,114
"Gene_798",52,76,99,61,91,129
"Gene_799",50,88,90,68,91,122
"Gene_800",55,81,96,64,122,126
"Gene_801",60,93,114,66,100,94
"Gene_802",49,95,86,61,90,135
"Gene_803",48,77,114,62,90,124
"Gene_804",53,83,112,55,100,102
"Gene_805",65,73,108,55,79,117
"Gene_806",51,93,108,67,89,148
"Gene_807",56,81,117,66,94,124
"Gene_808",58,88,121,68,84,106
"Gene_809",52,71,87,66,92,111
"Gene_810",60,62,118,63,90,126
"Gene_811",49,85,109,67,113,144
"Gene_812",49,69,108,62,114,140
"Gene_813",57,102,91,74,91,116
"Gene_814",55,76,110,66,88,96
"Gene_815",62,71,83,59,98,102
"Gene_816",47,65,100,61,102,114
"Gene_817",60,78,125,78,120,128
"Gene_818",55,86,103,63,107,126
"Gene_819",49,87,110,69,85,153
"Gene_820",55,73,107,62,82,111
"Gene_821",55,72,95,65,92,106
"Gene_822",40,87,105,64,96,112
"Gene_823",52,75,104,71,102,114
"Gene_824",71,90,101,57,112,136
"Gene_825",60,75,104,62,89,108
"Gene_826",53,69,101,68,85,112
"Gene_827",55,84,79,73,79,96
"Gene_828",50,87,99,54,108,144
"Gene_829",59,64,113,67,94,138
"Gene_830",55,71,108,70,91,154
"Gene_831",57,87,127,64,106,118
"Gene_832",57,86,109,58,139,114
"Gene_833",48,75,104,65,84,111
"Gene_834",66,75,121,62,100,129
"Gene_835",59,84,90,53,108,114
"Gene_836",50,76,83,63,89,128
"Gene_837",64,86,91,60,92,134
"Gene_838",62,78,108,66,91,135
"Gene_839",46,76,87,60,90,98
"Gene_840",48,73,90,74,115,132
"Gene_841",64,74,95,54,82,140
"Gene_842",58,77,103,68,85,120
"Gene_843",60,83,100,62,115,112
"Gene_844",48,81,100,62,90,142
"Gene_845",62,76,73,68,118,111
"Gene_846",41,67,112,61,107,96
"Gene_847",62,72,95,56,101,129
"Gene_848",48,75,100,68,113,118
"Gene_849",54,76,92,58,109,124
"Gene_850",56,73,100,76,96,118
"Gene_851",67,80,110,77,100,130
"Gene_852",49,84,82,68,82,135
"Gene_853",48,70,103,60,100,108
"Gene_854",54,81,96,59,88,135
"Gene_855",52,87,120,66,82,110
"Gene_856",48,68,105,63,109,129
"Gene_857",59,81,98,62,106,134
"Gene_858",55,83,114,55,88,104
"Gene_859",46,72,101,66,88,135
"Gene_860",55,82,109,60,103,142
"Gene_861",59,86,110,66,124,110
"Gene_862",50,72,95,70,109,123
"Gene_863",62,79,98,54,104,130
"Gene_864",52,95,100,68,89,117
"Gene_865",56,75,113,59,78,111
"Gene_866",60,87,116,64,98,118
"Gene_867",59,84,105,58,96,138
"Gene_868",65,87,108,63,103,111
"Gene_869",52,76,88,71,102,130
"Gene_870",43,85,109,50,65,108
"Gene_871",55,84,125,69,98,142
"Gene_872",50,87,90,58,119,148
"Gene_873",49,86,114,62,107,112
"Gene_874",55,90,86,66,91,112
"Gene_875",66,78,101,63,90,104
"Gene_876",59,95,112,66,110,130
"Gene_877",53,79,108,63,83,118
"Gene_878",48,68,99,48,100,117
"Gene_879",58,76,99,61,115,135
"Gene_880",52,80,133,62,101,114
"Gene_881",50,72,103,59,90,116
"Gene_882",55,75,120,69,85,123
"Gene_883",51,73,90,62,84,130
"Gene_884",48,83,99,60,101,117
"Gene_885",57,80,96,82,97,116
"Gene_886",45,83,120,62,106,154
"Gene_887",55,77,117,84,89,104
"Gene_888",55,82,99,70,103,120
"Gene_889",55,57,101,61,116,105
"Gene_890",46,78,103,63,106,124
"Gene_891",45,79,95,58,107,128
"Gene_892",58,68,101,66,91,116
"Gene_893",55,82,104,70,92,118
"Gene_894",43,86,90,70,82,118
"Gene_895",52,71,78,69,91,132
"Gene_896",50,80,112,72,112,104
"Gene_897",62,77,104,66,108,140
"Gene_898",59,80,88,74,88,128
"Gene_899",54,83,110,68,104,106
"Gene_900",59,83,121,69,88,106
"Gene_901",43,90,107,70,109,140
"Gene_902",47,95,121,55,92,111
"Gene_903",52,68,99,63,96,110
"Gene_904",50,92,100,54,103,122
"Gene_905",48,93,100,62,84,120
"Gene_906",57,71,104,63,108,98
"Gene_907",52,90,101,58,85,118
"Gene_908",68,68,100,66,79,148
"Gene_909",55,78,103,56,89,100
"Gene_910",52,89,107,56,98,110
"Gene_911",51,85,112,61,107,126
"Gene_912",52,74,122,69,91,132
"Gene_913",67,74,73,64,95,105
"Gene_914",62,69,109,56,91,108
"Gene_915",60,78,114,57,86,123
"Gene_916",52,67,82,75,82,123
"Gene_917",55,74,129,69,86,126
"Gene_918",53,68,107,63,92,105
"Gene_919",53,79,124,62,98,114
"Gene_920",59,66,94,83,78,124
"Gene_921",55,81,114,69,89,88
"Gene_922",59,72,92,70,122,110
"Gene_923",50,86,118,65,83,114
"Gene_924",52,68,103,58,109,105
"Gene_925",51,78,112,66,98,112
"Gene_926",66,88,101,74,89,96
"Gene_927",55,83,94,64,71,130
"Gene_928",46,77,108,56,90,114
"Gene_929",54,85,112,70,90,132
"Gene_930",50,80,91,70,101,120
"Gene_931",57,73,122,63,98,126
"Gene_932",51,78,103,50,98,130
"Gene_933",55,75,109,71,98,130
"Gene_934",51,84,86,66,96,134
"Gene_935",57,92,99,66,94,104
"Gene_936",55,83,105,54,95,117
"Gene_937",50,86,96,91,106,116
"Gene_938",50,72,103,68,94,112
"Gene_939",64,72,112,66,80,124
"Gene_940",57,96,96,72,94,120
"Gene_941",54,87,96,65,104,104
"Gene_942",62,94,90,62,95,105
"Gene_943",58,80,104,65,98,134
"Gene_944",57,72,101,67,92,118
"Gene_945",56,88,96,65,113,126
"Gene_946",59,98,113,58,96,114
"Gene_947",51,83,107,61,94,128
"Gene_948",52,79,86,60,94,111
"Gene_949",50,101,103,57,100,100
"Gene_950",60,77,95,67,103,114
"Gene_951",48,81,86,56,80,108
"Gene_952",64,76,100,67,98,120
"Gene_953",49,87,130,72,115,117
"Gene_954",50,78,131,67,77,123
"Gene_955",53,86,92,64,120,134
"Gene_956",60,73,107,54,96,128
"Gene_957",52,70,82,65,86,116
"Gene_958",46,85,83,64,90,138
"Gene_959",51,80,100,74,102,92
"Gene_960",59,73,121,66,90,130
"Gene_961",64,80,73,64,104,117
"Gene_962",52,80,103,67,98,117
"Gene_963",59,74,122,61,79,136
"Gene_964",63,75,112,63,118,126
"Gene_965",50,78,103,65,79,93
"Gene_966",51,73,116,62,88,130
"Gene_967",42,75,104,66,101,104
"Gene_968",41,110,107,62,112,122
"Gene_969",69,73,100,78,96,117
"Gene_970",57,80,109,67,101,102
"Gene_971",50,96,125,86,91,120
"Gene_972",41,81,105,62,108,128
"Gene_973",64,78,108,64,100,120
"Gene_974",50,75,107,54,86,140
"Gene_975",64,86,129,59,85,120
"Gene_976",57,71,104,76,61,104
"Gene_977",64,80,112,58,94,110
"Gene_978",52,79,104,58,92,144
"Gene_979",59,70,125,59,107,116
"Gene_980",62,97,112,66,96,108
"Gene_981",50,75,116,74,97,106
"Gene_982",48,82,79,60,90,108
"Gene_983",57,65,91,72,103,148
"Gene_984",57,84,114,61,107,122
"Gene_985",53,69,101,63,107,120
"Gene_986",55,72,112,67,106,123
"Gene_987",62,79,108,72,88,134
"Gene_988",60,89,81,61,90,117
"Gene_989",54,65,95,71,86,106
"Gene_990",46,69,113,67,80,117
"Gene_991",59,78,99,70,107,116
"Gene_992",61,75,96,54,91,117
"Gene_993",51,88,103,55,84,106
"Gene_994",42,84,90,65,115,122
"Gene_995",46,78,101,64,102,110
"Gene_996",61,72,107,59,82,130
"Gene_997",49,78,75,80,82,81
"Gene_998",70,80,95,64,113,117
"Gene_999",52,77,96,54,103,116
"Gene_1000",50,80,90,72,98,123
"Gene_1001",50,84,107,64,101,117
"Gene_1002",44,88,95,72,100,111
"Gene_1003",46,77,116,63,104,140
"Gene_1004",54,84,101,64,79,118
"Gene_1005",55,90,96,65,102,141
"Gene_1006",50,72,82,60,95,152
"Gene_1007",51,86,84,68,106,105
"Gene_1008",52,74,127,62,94,114
"Gene_1009",50,81,134,64,91,141
"Gene_1010",59,85,96,54,112,122
"Gene_1011",52,103,134,62,94,111
"Gene_1012",59,74,105,63,106,114
"Gene_1013",64,75,126,75,77,128
"Gene_1014",58,73,108,62,98,84
"Gene_1015",62,79,113,78,101,116
"Gene_1016",59,68,103,64,98,124
"Gene_1017",58,73,118,64,100,123
"Gene_1018",58,70,101,67,89,117
"Gene_1019",64,85,104,64,107,126
"Gene_1020",50,71,92,57,102,108
"Gene_1021",51,96,94,65,119,114
"Gene_1022",55,81,105,61,97,120
"Gene_1023",56,73,110,64,78,129
"Gene_1024",60,68,114,58,104,123
"Gene_1025",60,91,105,70,86,148
"Gene_1026",54,79,125,77,90,117
"Gene_1027",47,90,105,62,91,136
"Gene_1028",62,90,100,50,95,136
"Gene_1029",58,92,103,69,96,129
"Gene_1030",64,97,113,61,85,104
"Gene_1031",55,79,84,66,94,148
"Gene_1032",63,83,90,61,95,124
"Gene_1033",61,105,113,63,96,116
"Gene_1034",59,74,107,74,80,112
"Gene_1035",58,87,107,66,94,114
"Gene_1036",54,89,77,68,103,114
"Gene_1037",50,79,135,52,98,112
"Gene_1038",56,69,94,73,96,111
"Gene_1039",62,79,108,44,122,124
"Gene_1040",55,82,107,54,107,112
"Gene_1041",55,73,114,70,97,118
"Gene_1042",52,80,91,58,92,130
"Gene_1043",55,79,94,69,91,104
"Gene_1044",62,73,122,69,104,122
"Gene_1045",52,97,109,61,102,112
"Gene_1046",55,84,113,59,100,94
"Gene_1047",54,67,130,58,80,105
"Gene_1048",74,75,88,56,103,126
"Gene_1049",59,81,96,64,92,128
"Gene_1050",66,77,96,54,100,105
"Gene_1051",55,73,99,59,94,136
"Gene_1052",65,88,96,58,100,126
"Gene_1053",56,79,100,58,102,108
"Gene_1054",57,89,116,58,108,123
"Gene_1055",57,73,122,59,95,114
"Gene_1056",50,59,99,64,82,148
"Gene_1057",60,78,100,70,106,111
"Gene_1058",52,73,86,67,102,122
"Gene_1059",54,68,91,46,112,144
"Gene_1060",50,90,112,57,91,114
"Gene_1061",58,76,110,58,96,124
"Gene_1062",59,78,108,55,90,117
"Gene_1063",48,83,103,68,83,111
"Gene_1064",59,74,105,74,96,153
"Gene_1065",57,83,94,72,98,104
"Gene_1066",65,89,82,68,89,123
"Gene_1067",49,70,103,60,110,116
"Gene_1068",60,92,135,65,88,98
"Gene_1069",51,100,98,63,106,135
"Gene_1070",45,79,121,58,72,108
"Gene_1071",51,86,96,88,109,123
"Gene_1072",48,77,84,62,89,124
"Gene_1073",58,62,87,66,102,124
"Gene_1074",52,89,110,55,95,123
"Gene_1075",50,70,91,57,97,124
"Gene_1076",77,80,103,66,82,118
"Gene_1077",57,89,121,62,102,147
"Gene_1078",61,88,108,49,98,118
"Gene_1079",63,86,100,60,94,128
"Gene_1080",51,96,79,58,109,135
"Gene_1081",59,70,110,66,106,114
"Gene_1082",58,66,94,62,102,100
"Gene_1083",52,74,100,69,94,120
"Gene_1084",54,69,95,78,100,111
"Gene_1085",56,87,112,65,94,140
"Gene_1086",48,75,110,62,95,114
"Gene_1087",61,82,109,69,91,86
"Gene_1088",47,87,99,64,86,126
"Gene_1089",62,78,90,62,94,114
"Gene_1090",55,87,120,75,107,135
"Gene_1091",53,77,117,72,85,84
"Gene_1092",52,67,84,68,89,134
"Gene_1093",65,71,117,60,98,135
"Gene_1094",70,92,87,59,108,124
"Gene_1095",52,96,98,77,104,108
"Gene_1096",58,82,100,62,86,120
"Gene_1097",50,79,135,55,85,120
"Gene_1098",69,56,109,70,95,126
"Gene_1099",59,56,125,55,74,120
"Gene_1100",57,79,124,65,96,146
"Gene_1101",64,68,92,62,106,128
"Gene_1102",62,75,94,60,91,108
"Gene_1103",55,71,127,52,84,132
"Gene_1104",55,86,114,62,101,128
"Gene_1105",53,63,100,66,94,141
"Gene_1106",51,78,120,81,113,124
"Gene_1107",57,92,96,65,113,114
"Gene_1108",48,72,96,78,95,136
"Gene_1109",63,70,122,66,102,111
"Gene_1110",60,76,100,70,106,124
"Gene_1111",48,87,118,58,79,90
"Gene_1112",60,91,101,57,94,147
"Gene_1113",55,79,100,59,104,118
"Gene_1114",55,94,104,68,116,126
"Gene_1115",60,96,95,58,96,141
"Gene_1116",62,84,126,59,78,128
"Gene_1117",78,86,105,66,84,170
"Gene_1118",59,73,90,60,95,132
"Gene_1119",48,68,107,55,107,105
"Gene_1120",55,70,104,70,109,116
"Gene_1121",64,52,104,50,109,105
"Gene_1122",55,73,118,54,96,126
"Gene_1123",52,74,104,69,91,132
"Gene_1124",58,86,112,62,94,138
"Gene_1125",59,85,105,54,84,132
"Gene_1126",59,82,98,70,72,110
"Gene_1127",43,66,110,58,102,114
"Gene_1128",54,88,114,63,92,138
"Gene_1129",60,68,88,61,106,128
"Gene_1130",48,78,92,56,116,122
"Gene_1131",59,88,120,58,116,114
"Gene_1132",68,86,122,74,130,114
"Gene_1133",57,82,90,61,101,120
"Gene_1134",41,71,99,66,94,117
"Gene_1135",48,72,108,66,86,116
"Gene_1136",55,77,108,55,88,136
"Gene_1137",54,77,112,72,94,117
"Gene_1138",52,78,100,72,119,118
"Gene_1139",57,91,95,73,106,148
"Gene_1140",47,75,98,68,90,126
"Gene_1141",53,79,72,66,94,132
"Gene_1142",66,82,94,53,104,108
"Gene_1143",54,83,124,53,114,124
"Gene_1144",64,68,108,62,90,82
"Gene_1145",45,100,103,70,97,129
"Gene_1146",59,63,108,50,104,120
"Gene_1147",54,80,95,70,97,140
"Gene_1148",48,88,101,74,96,120
"Gene_1149",50,69,103,66,110,106
"Gene_1150",57,77,107,66,89,123
"Gene_1151",59,85,105,66,95,134
"Gene_1152",55,70,110,78,102,130
"Gene_1153",62,95,104,61,103,135
"Gene_1154",59,89,114,64,103,114
"Gene_1155",55,80,107,66,103,110
"Gene_1156",62,62,107,70,82,141
"Gene_1157",57,95,95,58,84,114
"Gene_1158",59,93,95,67,95,123
"Gene_1159",52,73,114,68,89,132
"Gene_1160",52,80,107,66,95,94
"Gene_1161",61,63,107,64,106,108
"Gene_1162",55,64,101,78,114,144
"Gene_1163",54,95,100,74,97,134
"Gene_1164",50,77,104,70,80,111
"Gene_1165",59,89,103,59,98,128
"Gene_1166",58,72,94,67,103,114
"Gene_1167",38,88,124,59,95,123
"Gene_1168",48,88,88,57,101,116
"Gene_1169",59,82,109,64,91,108
"Gene_1170",52,84,99,62,91,111
"Gene_1171",66,82,109,55,97,114
"Gene_1172",59,83,110,59,92,106
"Gene_1173",57,81,98,62,104,136
"Gene_1174",64,99,120,62,96,114
"Gene_1175",45,79,78,72,112,129
"Gene_1176",48,64,113,75,106,111
"Gene_1177",50,85,104,60,86,98
"Gene_1178",59,94,117,63,76,120
"Gene_1179",55,79,92,63,100,99
"Gene_1180",67,77,116,78,79,146
"Gene_1181",59,74,95,59,94,124
"Gene_1182",61,80,129,59,101,132
"Gene_1183",64,89,105,66,91,153
"Gene_1184",52,67,77,66,102,117
"Gene_1185",55,73,112,76,92,118
"Gene_1186",52,84,109,76,92,122
"Gene_1187",60,85,92,70,89,118
"Gene_1188",58,78,95,47,88,135
"Gene_1189",50,82,122,54,116,135
"Gene_1190",51,69,96,66,104,111
"Gene_1191",59,81,112,64,96,112
"Gene_1192",58,86,105,67,113,152
"Gene_1193",55,79,105,74,102,136
"Gene_1194",55,67,101,64,98,96
"Gene_1195",60,87,103,66,108,129
"Gene_1196",57,63,114,56,108,110
"Gene_1197",50,96,109,62,88,112
"Gene_1198",62,82,99,68,84,135
"Gene_1199",46,86,92,73,97,117
"Gene_1200",55,89,114,64,112,128
"Gene_1201",69,64,96,66,86,120
"Gene_1202",50,63,90,66,97,144
"Gene_1203",44,87,107,66,68,118
"Gene_1204",47,75,110,68,101,102
"Gene_1205",59,88,113,58,100,106
"Gene_1206",58,82,83,66,100,159
"Gene_1207",63,79,104,65,120,136
"Gene_1208",51,81,109,77,90,128
"Gene_1209",54,79,91,54,90,136
"Gene_1210",56,85,82,70,88,108
"Gene_1211",69,81,110,62,110,108
"Gene_1212",62,93,124,86,90,126
"Gene_1213",60,76,110,65,89,144
"Gene_1214",49,87,114,72,86,114
"Gene_1215",65,78,122,73,85,114
"Gene_1216",52,75,113,62,98,141
"Gene_1217",57,81,109,62,72,116
"Gene_1218",61,76,92,63,103,99
"Gene_1219",62,64,113,61,97,105
"Gene_1220",62,78,124,64,89,123
"Gene_1221",55,80,98,67,107,112
"Gene_1222",50,73,90,70,106,141
"Gene_1223",57,78,98,74,88,114
"Gene_1224",58,69,105,66,107,134
"Gene_1225",55,60,110,54,86,136
"Gene_1226",62,92,100,58,102,111
"Gene_1227",58,81,129,55,82,130
"Gene_1228",65,68,108,58,88,110
"Gene_1229",54,78,118,65,122,140
"Gene_1230",53,77,95,65,103,117
"Gene_1231",63,90,104,70,108,116
"Gene_1232",54,81,95,70,106,118
"Gene_1233",55,75,86,65,79,111
"Gene_1234",50,74,105,54,90,118
"Gene_1235",55,78,121,64,86,128
"Gene_1236",53,87,99,61,86,138
"Gene_1237",72,95,126,70,88,117
"Gene_1238",54,77,108,55,88,120
"Gene_1239",61,71,120,60,96,123
"Gene_1240",50,78,112,66,89,122
"Gene_1241",47,69,112,70,119,124
"Gene_1242",59,69,99,54,114,130
"Gene_1243",70,89,100,67,116,126
"Gene_1244",49,82,109,53,98,104
"Gene_1245",55,78,108,57,71,147
"Gene_1246",54,89,110,65,108,99
"Gene_1247",55,79,114,71,104,99
"Gene_1248",61,90,113,58,94,130
"Gene_1249",53,76,118,60,96,111
"Gene_1250",57,99,96,70,91,112
"Gene_1251",60,81,104,65,85,105
"Gene_1252",62,84,103,66,94,123
"Gene_1253",57,86,95,58,110,114
"Gene_1254",55,72,101,65,101,114
"Gene_1255",64,86,88,63,115,129
"Gene_1256",57,86,100,58,94,136
"Gene_1257",66,80,103,60,101,150
"Gene_1258",55,91,91,59,101,126
"Gene_1259",59,75,101,59,88,114
"Gene_1260",46,75,124,61,90,120
"Gene_1261",50,66,87,49,84,111
"Gene_1262",51,65,96,54,101,123
"Gene_1263",56,80,99,66,92,124
"Gene_1264",48,69,98,58,80,124
"Gene_1265",48,84,107,57,90,124
"Gene_1266",59,85,91,58,90,117
"Gene_1267",69,72,112,64,102,132
"Gene_1268",66,94,103,66,85,130
"Gene_1269",57,68,88,64,98,132
"Gene_1270",53,70,98,64,77,111
"Gene_1271",56,84,92,69,92,129
"Gene_1272",59,81,116,74,98,128
"Gene_1273",52,57,94,58,103,130
"Gene_1274",59,79,122,49,110,116
"Gene_1275",50,68,91,72,106,130
"Gene_1276",54,82,94,53,102,132
"Gene_1277",58,95,143,66,71,111
"Gene_1278",53,87,118,63,108,123
"Gene_1279",51,77,109,72,96,130
"Gene_1280",64,77,100,66,122,114
"Gene_1281",56,69,110,70,84,158
"Gene_1282",62,86,98,61,98,122
"Gene_1283",51,59,96,62,92,130
"Gene_1284",55,84,96,70,104,98
"Gene_1285",52,80,117,68,96,134
"Gene_1286",54,75,104,74,97,128
"Gene_1287",47,60,95,66,102,130
"Gene_1288",56,83,108,74,83,105
"Gene_1289",50,90,88,58,106,118
"Gene_1290",51,75,103,65,110,138
"Gene_1291",70,83,110,66,79,118
"Gene_1292",42,82,95,70,86,126
"Gene_1293",53,79,107,70,78,130
"Gene_1294",48,80,99,62,114,122
"Gene_1295",60,97,107,55,91,108
"Gene_1296",59,89,105,72,96,112
"Gene_1297",64,98,112,67,94,122
"Gene_1298",60,76,113,66,80,110
"Gene_1299",56,75,113,58,102,111
"Gene_1300",50,86,108,52,114,98
"Gene_1301",59,95,113,50,98,112
"Gene_1302",52,83,90,69,94,129
"Gene_1303",57,77,96,59,98,111
"Gene_1304",57,103,95,74,90,132
"Gene_1305",45,86,100,62,104,124
"Gene_1306",62,77,133,67,109,99
"Gene_1307",66,81,77,58,82,130
"Gene_1308",62,76,91,53,107,117
"Gene_1309",63,70,94,52,97,140
"Gene_1310",62,84,113,62,101,112
"Gene_1311",59,78,114,66,106,98
"Gene_1312",52,77,100,67,89,112
"Gene_1313",57,67,105,62,104,120
"Gene_1314",53,86,92,62,110,123
"Gene_1315",62,79,74,57,91,122
"Gene_1316",62,71,120,60,100,128
"Gene_1317",56,98,113,54,106,132
"Gene_1318",52,82,84,72,95,99
"Gene_1319",64,75,112,52,109,138
"Gene_1320",62,93,118,78,85,116
"Gene_1321",57,89,110,62,102,124
"Gene_1322",59,84,118,72,115,102
"Gene_1323",39,75,107,55,89,114
"Gene_1324",66,74,110,56,79,122
"Gene_1325",54,78,108,49,91,116
"Gene_1326",56,90,92,73,84,114
"Gene_1327",51,81,114,62,91,126
"Gene_1328",48,81,96,61,90,112
"Gene_1329",52,76,109,70,113,105
"Gene_1330",53,93,109,67,106,124
"Gene_1331",52,79,107,71,106,104
"Gene_1332",50,69,110,61,106,126
"Gene_1333",55,89,110,68,98,102
"Gene_1334",49,77,90,66,104,124
"Gene_1335",66,83,86,68,92,123
"Gene_1336",64,66,100,73,92,130
"Gene_1337",62,81,87,60,106,128
"Gene_1338",52,103,84,66,96,134
"Gene_1339",48,62,100,73,101,123
"Gene_1340",62,81,118,56,90,96
"Gene_1341",54,82,95,58,94,117
"Gene_1342",52,72,129,63,98,112
"Gene_1343",64,79,125,65,90,108
"Gene_1344",59,70,114,62,88,120
"Gene_1345",50,68,92,56,104,117
"Gene_1346",60,80,87,67,100,117
"Gene_1347",62,81,74,63,103,134
"Gene_1348",52,93,105,70,91,110
"Gene_1349",43,73,100,76,86,172
"Gene_1350",55,85,104,61,89,147
"Gene_1351",50,62,134,64,84,108
"Gene_1352",46,81,98,70,103,147
"Gene_1353",56,82,99,71,80,106
"Gene_1354",48,69,104,78,76,128
"Gene_1355",62,76,104,58,88,118
"Gene_1356",58,73,92,66,98,122
"Gene_1357",66,89,109,65,106,122
"Gene_1358",52,69,103,64,122,94
"Gene_1359",55,83,129,69,94,129
"Gene_1360",60,73,88,67,116,117
"Gene_1361",61,83,96,65,109,144
"Gene_1362",55,88,95,65,110,120
"Gene_1363",46,69,98,65,119,110
"Gene_1364",52,62,103,69,88,118
"Gene_1365",58,75,113,66,86,116
"Gene_1366",57,94,96,57,104,134
"Gene_1367",55,71,104,67,101,111
"Gene_1368",62,86,100,65,90,92
"Gene_1369",55,70,114,64,115,132
"Gene_1370",55,89,120,66,101,118
"Gene_1371",59,79,114,61,95,130
"Gene_1372",58,97,79,66,92,130
"Gene_1373",66,74,117,62,86,120
"Gene_1374",64,80,139,73,86,120
"Gene_1375",62,100,95,60,85,111
"Gene_1376",57,78,92,69,84,116
"Gene_1377",52,77,94,62,74,118
"Gene_1378",48,77,94,62,102,120
"Gene_1379",50,75,116,54,100,138
"Gene_1380",59,64,118,77,96,142
"Gene_1381",52,86,117,62,78,134
"Gene_1382",64,79,126,66,91,118
"Gene_1383",57,77,101,66,104,124
"Gene_1384",56,85,113,70,89,110
"Gene_1385",51,88,104,54,104,123
"Gene_1386",36,83,99,73,92,129
"Gene_1387",55,74,100,70,84,120
"Gene_1388",52,84,108,70,101,130
"Gene_1389",55,63,91,58,109,134
"Gene_1390",64,76,101,62,112,126
"Gene_1391",62,78,101,63,115,134
"Gene_1392",64,69,112,72,114,136
"Gene_1393",49,97,103,81,101,106
"Gene_1394",56,72,127,60,90,130
"Gene_1395",50,98,100,58,91,90
"Gene_1396",57,67,88,62,98,106
"Gene_1397",53,92,101,66,88,120
"Gene_1398",57,86,96,74,91,122
"Gene_1399",51,81,99,61,97,141
"Gene_1400",56,70,91,65,98,134
"Gene_1401",57,90,124,61,88,105
"Gene_1402",57,83,92,54,98,111
"Gene_1403",53,88,103,64,98,102
"Gene_1404",53,64,92,57,83,117
"Gene_1405",62,82,84,66,80,130
"Gene_1406",54,77,105,67,103,114
"Gene_1407",56,83,124,63,98,111
"Gene_1408",66,75,104,63,104,120
"Gene_1409",46,71,118,66,96,123
"Gene_1410",64,84,107,73,98,106
"Gene_1411",55,88,90,53,94,105
"Gene_1412",50,79,112,68,83,123
"Gene_1413",61,77,120,70,100,93
"Gene_1414",54,79,105,70,85,142
"Gene_1415",53,90,120,68,102,124
"Gene_1416",55,66,99,65,113,114
"Gene_1417",52,91,104,68,89,124
"Gene_1418",52,72,100,75,116,112
"Gene_1419",61,78,103,64,88,136
"Gene_1420",50,111,90,76,92,110
"Gene_1421",62,63,83,62,100,122
"Gene_1422",61,77,82,51,83,130
"Gene_1423",58,80,114,69,86,128
"Gene_1424",46,81,98,61,101,105
"Gene_1425",61,86,101,62,107,130
"Gene_1426",55,71,101,66,92,106
"Gene_1427",48,89,96,60,88,116
"Gene_1428",62,70,92,53,106,123
"Gene_1429",46,83,79,68,98,142
"Gene_1430",57,84,94,61,95,128
"Gene_1431",52,71,103,58,82,104
"Gene_1432",50,87,124,75,89,124
"Gene_1433",46,67,103,58,94,112
"Gene_1434",55,72,101,66,107,116
"Gene_1435",59,79,86,74,68,129
"Gene_1436",62,72,99,75,127,114
"Gene_1437",62,67,120,63,97,105
"Gene_1438",59,96,84,62,102,102
"Gene_1439",54,92,118,65,85,116
"Gene_1440",55,71,94,54,97,94
"Gene_1441",51,81,105,75,107,96
"Gene_1442",56,75,95,63,114,120
"Gene_1443",68,83,100,62,95,106
"Gene_1444",60,87,116,67,100,105
"Gene_1445",59,86,95,64,94,106
"Gene_1446",55,84,90,61,91,81
"Gene_1447",62,83,127,61,109,126
"Gene_1448",62,88,104,67,101,138
"Gene_1449",43,76,121,58,89,117
"Gene_1450",57,66,96,73,85,102
"Gene_1451",52,83,86,65,73,111
"Gene_1452",68,88,107,74,95,138
"Gene_1453",68,71,83,53,71,114
"Gene_1454",59,75,103,66,85,112
"Gene_1455",58,85,90,57,100,126
"Gene_1456",72,90,99,64,96,104
"Gene_1457",60,87,107,63,84,102
"Gene_1458",48,70,88,59,97,120
"Gene_1459",59,90,105,57,91,96
"Gene_1460",49,81,99,62,107,106
"Gene_1461",52,80,129,68,101,123
"Gene_1462",57,78,100,75,94,129
"Gene_1463",57,84,109,58,90,126
"Gene_1464",57,88,70,73,83,117
"Gene_1465",55,87,86,66,108,120
"Gene_1466",59,83,83,67,98,124
"Gene_1467",49,77,108,78,102,102
"Gene_1468",57,71,104,78,100,120
"Gene_1469",55,76,103,50,88,134
"Gene_1470",62,67,110,78,80,136
"Gene_1471",57,64,112,68,107,124
"Gene_1472",52,83,98,74,95,118
"Gene_1473",58,68,122,66,112,100
"Gene_1474",54,84,112,56,101,134
"Gene_1475",57,94,84,71,95,118
"Gene_1476",59,87,101,56,96,128
"Gene_1477",58,84,100,73,84,140
"Gene_1478",53,83,91,75,79,105
"Gene_1479",53,79,124,67,89,116
"Gene_1480",55,80,126,68,94,130
"Gene_1481",53,88,113,54,104,140
"Gene_1482",62,88,117,60,73,102
"Gene_1483",57,85,94,54,89,142
"Gene_1484",58,86,122,74,94,116
"Gene_1485",48,86,87,62,83,122
"Gene_1486",55,86,101,71,96,134
"Gene_1487",66,68,94,66,71,122
"Gene_1488",51,84,110,71,85,138
"Gene_1489",61,96,118,65,101,108
"Gene_1490",47,64,113,72,101,128
"Gene_1491",57,78,109,68,102,90
"Gene_1492",58,86,99,67,85,117
"Gene_1493",56,79,133,62,85,130
"Gene_1494",60,83,107,72,109,112
"Gene_1495",65,84,96,70,96,129
"Gene_1496",53,86,105,61,101,126
"Gene_1497",55,102,103,65,83,135
"Gene_1498",61,91,107,63,89,110
"Gene_1499",44,86,96,67,96,118
"Gene_1500",57,88,114,61,96,126
"Gene_1501",57,71,100,59,100,120
"Gene_1502",49,73,86,57,80,122
"Gene_1503",49,93,98,67,92,128
"Gene_1504",45,79,129,82,90,105
"Gene_1505",61,85,117,54,64,112
"Gene_1506",50,81,113,61,94,111
"Gene_1507",51,72,120,55,88,140
"Gene_1508",58,73,103,64,91,98
"Gene_1509",64,70,101,58,97,114
"Gene_1510",53,70,104,59,101,148
"Gene_1511",55,79,107,62,103,150
"Gene_1512",65,81,105,67,109,123
"Gene_1513",59,86,91,58,102,132
"Gene_1514",57,72,73,58,114,126
"Gene_1515",44,77,103,60,76,138
"Gene_1516",52,76,83,75,100,135
"Gene_1517",47,81,108,69,108,112
"Gene_1518",50,84,103,74,91,120
"Gene_1519",62,72,104,54,97,116
"Gene_1520",48,83,98,76,85,135
"Gene_1521",65,73,94,70,88,110
"Gene_1522",50,72,108,62,84,141
"Gene_1523",63,104,104,69,94,110
"Gene_1524",66,73,113,77,72,111
"Gene_1525",57,83,99,66,96,128
"Gene_1526",52,90,94,78,88,118
"Gene_1527",52,79,88,51,107,129
"Gene_1528",71,92,100,72,107,123
"Gene_1529",43,69,107,62,101,114
"Gene_1530",70,81,108,65,100,130
"Gene_1531",51,81,118,64,110,111
"Gene_1532",52,81,99,55,108,123
"Gene_1533",64,68,108,68,85,116
"Gene_1534",46,78,100,74,65,130
"Gene_1535",45,89,96,66,88,117
"Gene_1536",48,87,101,74,114,93
"Gene_1537",46,88,98,76,98,106
"Gene_1538",54,82,105,74,112,146
"Gene_1539",57,78,116,72,112,130
"Gene_1540",55,88,104,69,108,90
"Gene_1541",64,83,92,50,102,99
"Gene_1542",65,85,109,72,98,102
"Gene_1543",61,87,108,77,106,138
"Gene_1544",53,74,101,60,97,129
"Gene_1545",52,81,101,62,119,140
"Gene_1546",62,82,87,62,101,120
"Gene_1547",55,101,136,74,98,114
"Gene_1548",51,83,100,78,94,102
"Gene_1549",59,72,107,66,88,117
"Gene_1550",50,80,90,53,82,108
"Gene_1551",51,87,112,64,91,129
"Gene_1552",71,63,87,47,107,116
"Gene_1553",49,69,105,62,88,130
"Gene_1554",59,79,92,58,94,150
"Gene_1555",56,72,110,62,89,120
"Gene_1556",50,82,104,54,109,129
"Gene_1557",57,77,108,65,103,135
"Gene_1558",50,72,108,58,95,118
"Gene_1559",45,62,105,72,90,116
"Gene_1560",41,88,116,70,112,99
"Gene_1561",51,78,120,75,92,135
"Gene_1562",56,94,110,73,97,126
"Gene_1563",55,92,94,74,102,94
"Gene_1564",64,89,101,70,84,144
"Gene_1565",57,84,79,72,113,90
"Gene_1566",56,82,107,68,104,106
"Gene_1567",60,66,95,71,107,124
"Gene_1568",50,61,104,67,108,111
"Gene_1569",57,83,116,64,97,100
"Gene_1570",59,85,126,57,80,129
"Gene_1571",57,79,113,63,110,94
"Gene_1572",62,85,105,62,92,104
"Gene_1573",63,90,98,51,98,132
"Gene_1574",62,78,100,56,88,124
"Gene_1575",53,74,95,70,97,111
"Gene_1576",71,70,94,59,90,112
"Gene_1577",50,67,87,62,100,140
"Gene_1578",64,73,113,66,98,110
"Gene_1579",55,72,90,60,100,106
"Gene_1580",58,85,105,59,70,105
"Gene_1581",61,88,98,69,107,130
"Gene_1582",52,87,100,73,89,124
"Gene_1583",57,88,112,62,91,116
"Gene_1584",50,73,104,74,86,105
"Gene_1585",57,91,88,72,95,81
"Gene_1586",59,96,103,61,98,102
"Gene_1587",53,71,100,64,109,128
"Gene_1588",62,92,110,56,86,104
"Gene_1589",60,72,120,68,94,114
"Gene_1590",59,100,103,58,110,105
"Gene_1591",43,85,94,70,91,118
"Gene_1592",53,77,90,58,88,124
"Gene_1593",71,79,127,65,98,114
"Gene_1594",56,85,78,57,106,116
"Gene_1595",48,83,88,52,103,102
"Gene_1596",64,87,109,67,90,126
"Gene_1597",43,93,84,58,94,118
"Gene_1598",63,83,101,51,80,110
"Gene_1599",31,66,73,61,114,123
"Gene_1600",51,63,96,58,79,105
"Gene_1601",60,77,104,54,89,150
"Gene_1602",46,82,99,71,90,96
"Gene_1603",54,77,104,61,109,111
"Gene_1604",70,114,88,58,107,120
"Gene_1605",52,71,99,63,115,92
"Gene_1606",59,67,127,48,98,124
"Gene_1607",49,76,100,66,113,80
"Gene_1608",51,81,99,55,90,135
"Gene_1609",57,66,103,65,91,110
"Gene_1610",64,75,94,59,101,122
"Gene_1611",52,93,116,54,86,120
"Gene_1612",50,75,94,58,107,120
"Gene_1613",52,80,104,58,74,120
"Gene_1614",61,66,87,61,102,138
"Gene_1615",59,76,116,75,84,128
"Gene_1616",67,90,90,77,95,105
"Gene_1617",56,82,114,75,108,110
"Gene_1618",57,81,101,52,98,118
"Gene_1619",49,72,99,62,96,116
"Gene_1620",51,87,95,58,91,142
"Gene_1621",52,61,112,78,77,92
"Gene_1622",57,86,105,67,92,124
"Gene_1623",57,77,82,82,94,124
"Gene_1624",59,80,100,56,96,122
"Gene_1625",52,80,117,74,110,136
"Gene_1626",62,74,107,56,95,142
"Gene_1627",61,83,96,62,103,124
"Gene_1628",66,75,96,68,94,146
"Gene_1629",60,69,105,67,102,116
"Gene_1630",55,79,116,59,96,120
"Gene_1631",60,87,113,63,107,130
"Gene_1632",57,77,91,66,80,105
"Gene_1633",58,90,98,82,79,122
"Gene_1634",55,83,91,73,85,123
"Gene_1635",57,78,109,79,91,108
"Gene_1636",64,81,104,62,88,116
"Gene_1637",60,72,125,67,80,114
"Gene_1638",59,76,94,76,106,126
"Gene_1639",57,76,118,60,97,144
"Gene_1640",55,75,99,85,103,111
"Gene_1641",46,76,98,61,95,141
"Gene_1642",52,68,84,59,86,129
"Gene_1643",57,68,87,65,114,116
"Gene_1644",52,79,107,65,100,117
"Gene_1645",68,70,90,62,95,117
"Gene_1646",48,72,100,66,92,138
"Gene_1647",50,64,101,50,121,124
"Gene_1648",59,89,113,73,96,117
"Gene_1649",61,86,116,64,78,148
"Gene_1650",50,93,120,73,108,118
"Gene_1651",57,90,100,63,95,120
"Gene_1652",48,78,105,58,92,130
"Gene_1653",62,74,96,57,83,108
"Gene_1654",54,90,113,74,91,106
"Gene_1655",45,79,107,67,90,105
"Gene_1656",46,75,114,74,94,111
"Gene_1657",59,72,110,77,91,126
"Gene_1658",59,83,112,56,110,118
"Gene_1659",52,80,82,58,92,135
"Gene_1660",55,61,109,62,91,106
"Gene_1661",51,105,99,66,91,141
"Gene_1662",57,76,122,61,100,130
"Gene_1663",48,76,88,64,101,129
"Gene_1664",61,97,110,62,94,120
"Gene_1665",65,93,117,58,131,130
"Gene_1666",55,82,82,69,122,138
"Gene_1667",58,86,77,62,108,122
"Gene_1668",55,88,112,57,86,106
"Gene_1669",59,90,105,75,102,118
"Gene_1670",57,74,134,71,107,159
"Gene_1671",57,80,83,63,89,140
"Gene_1672",62,93,94,66,84,134
"Gene_1673",50,73,110,66,90,148
"Gene_1674",64,94,109,68,89,117
"Gene_1675",61,93,86,79,101,110
"Gene_1676",45,104,94,60,100,108
"Gene_1677",55,88,96,65,96,126
"Gene_1678",58,104,113,69,97,120
"Gene_1679",43,79,109,66,110,126
"Gene_1680",62,85,117,63,83,138
"Gene_1681",59,83,95,58,106,123
"Gene_1682",50,84,118,56,102,90
"Gene_1683",52,67,90,56,92,118
"Gene_1684",71,85,91,70,97,116
"Gene_1685",42,89,96,60,90,134
"Gene_1686",57,93,100,58,88,122
"Gene_1687",66,87,101,63,102,112
"Gene_1688",48,89,98,69,112,110
"Gene_1689",57,76,104,72,115,128
"Gene_1690",55,73,105,63,103,129
"Gene_1691",54,94,103,76,110,117
"Gene_1692",62,61,113,58,88,128
"Gene_1693",50,87,101,61,85,118
"Gene_1694",50,99,92,53,86,118
"Gene_1695",50,70,103,61,91,129
"Gene_1696",57,67,100,55,109,111
"Gene_1697",49,101,107,75,115,117
"Gene_1698",44,85,104,59,101,124
"Gene_1699",51,84,90,68,91,112
"Gene_1700",60,76,118,70,119,129
"Gene_1701",46,73,100,66,82,122
"Gene_1702",57,70,104,54,95,123
"Gene_1703",55,65,88,67,94,129
"Gene_1704",58,85,126,49,101,123
"Gene_1705",61,84,113,76,94,100
"Gene_1706",55,70,118,64,104,120
"Gene_1707",59,74,94,58,120,106
"Gene_1708",48,77,86,72,97,123
"Gene_1709",56,89,105,70,86,120
"Gene_1710",57,77,108,63,79,132
"Gene_1711",51,88,91,62,89,122
"Gene_1712",55,70,117,74,107,152
"Gene_1713",51,81,101,63,96,144
"Gene_1714",55,80,108,72,109,117
"Gene_1715",54,69,96,67,86,123
"Gene_1716",50,79,83,58,107,160
"Gene_1717",65,97,114,70,72,94
"Gene_1718",55,90,110,68,107,100
"Gene_1719",44,72,127,63,95,118
"Gene_1720",55,82,105,66,102,124
"Gene_1721",51,79,112,54,103,114
"Gene_1722",50,68,98,68,102,135
"Gene_1723",62,95,105,69,94,140
"Gene_1724",64,94,109,66,91,114
"Gene_1725",52,96,101,72,104,112
"Gene_1726",64,85,113,68,101,128
"Gene_1727",57,96,84,70,114,132
"Gene_1728",54,70,98,54,89,99
"Gene_1729",53,85,105,69,103,128
"Gene_1730",62,71,99,71,92,111
"Gene_1731",55,84,107,66,97,126
"Gene_1732",65,86,105,69,107,123
"Gene_1733",62,78,82,67,98,122
"Gene_1734",55,91,91,74,102,122
"Gene_1735",46,84,118,74,103,108
"Gene_1736",43,72,98,66,89,118
"Gene_1737",59,89,94,58,95,150
"Gene_1738",59,100,99,65,94,141
"Gene_1739",57,75,96,66,102,117
"Gene_1740",57,85,104,55,110,104
"Gene_1741",56,83,108,72,88,136
"Gene_1742",53,90,90,65,84,98
"Gene_1743",57,83,110,71,100,134
"Gene_1744",49,87,112,61,91,130
"Gene_1745",56,73,108,71,98,114
"Gene_1746",80,77,109,68,101,126
"Gene_1747",66,72,114,65,98,126
"Gene_1748",59,89,109,67,107,147
"Gene_1749",50,88,108,49,108,122
"Gene_1750",55,87,107,64,91,126
"Gene_1751",63,83,90,70,106,102
"Gene_1752",57,81,78,61,121,117
"Gene_1753",51,90,98,69,94,93
"Gene_1754",59,89,84,68,94,123
"Gene_1755",49,86,117,55,108,129
"Gene_1756",56,88,116,62,100,124
"Gene_1757",52,83,94,51,82,114
"Gene_1758",57,66,116,70,110,116
"Gene_1759",52,77,103,67,108,128
"Gene_1760",53,86,94,74,114,122
"Gene_1761",55,62,83,62,112,132
"Gene_1762",43,64,105,46,80,122
"Gene_1763",57,86,116,54,121,130
"Gene_1764",58,65,112,65,112,111
"Gene_1765",52,79,98,74,90,114
"Gene_1766",55,73,90,50,84,122
"Gene_1767",57,74,91,68,98,130
"Gene_1768",62,77,114,66,94,147
"Gene_1769",58,84,109,62,108,141
"Gene_1770",62,66,118,64,79,114
"Gene_1771",52,66,107,60,98,116
"Gene_1772",62,84,90,82,96,112
"Gene_1773",59,69,99,70,95,130
"Gene_1774",61,68,103,58,97,132
"Gene_1775",52,71,110,63,104,123
"Gene_1776",62,75,96,79,80,111
"Gene_1777",52,77,105,62,95,110
"Gene_1778",59,83,91,66,88,114
"Gene_1779",53,83,125,62,84,120
"Gene_1780",53,87,107,61,92,124
"Gene_1781",54,88,87,74,103,120
"Gene_1782",64,81,99,62,106,110
"Gene_1783",55,65,126,66,106,132
"Gene_1784",50,99,87,67,106,88
"Gene_1785",62,70,99,71,108,132
"Gene_1786",57,60,105,67,78,147
"Gene_1787",72,85,107,73,84,96
"Gene_1788",50,76,99,63,91,128
"Gene_1789",61,87,104,55,104,111
"Gene_1790",64,90,104,58,100,124
"Gene_1791",52,78,94,66,96,122
"Gene_1792",50,82,103,62,95,108
"Gene_1793",50,84,107,68,88,94
"Gene_1794",56,86,120,58,100,128
"Gene_1795",59,87,140,67,94,110
"Gene_1796",60,88,100,63,92,129
"Gene_1797",69,78,101,76,106,124
"Gene_1798",43,87,117,62,94,111
"Gene_1799",53,75,103,54,86,117
"Gene_1800",50,87,77,62,100,147
"Gene_1801",55,80,110,65,89,141
"Gene_1802",64,84,100,57,77,102
"Gene_1803",55,73,96,54,92,129
"Gene_1804",62,80,109,59,97,102
"Gene_1805",55,85,90,56,89,117
"Gene_1806",68,70,120,65,90,104
"Gene_1807",52,67,124,76,91,138
"Gene_1808",52,69,109,62,98,110
"Gene_1809",54,78,94,59,102,124
"Gene_1810",49,81,114,68,95,112
"Gene_1811",45,74,100,63,78,98
"Gene_1812",62,89,133,72,95,124
"Gene_1813",59,81,98,63,98,108
"Gene_1814",62,87,103,57,96,110
"Gene_1815",53,96,118,69,94,134
"Gene_1816",55,84,122,62,85,99
"Gene_1817",52,75,100,73,101,96
"Gene_1818",50,69,87,58,90,117
"Gene_1819",64,97,100,65,109,120
"Gene_1820",52,72,104,45,90,102
"Gene_1821",50,93,125,68,85,120
"Gene_1822",69,66,100,66,104,123
"Gene_1823",46,82,90,59,84,123
"Gene_1824",54,79,94,74,95,102
"Gene_1825",74,71,103,66,100,154
"Gene_1826",59,91,92,67,119,105
"Gene_1827",46,87,90,73,73,123
"Gene_1828",54,75,86,68,109,102
"Gene_1829",48,88,100,54,97,104
"Gene_1830",55,80,92,56,89,122
"Gene_1831",50,72,103,57,85,128
"Gene_1832",49,87,104,57,79,130
"Gene_1833",58,71,118,64,97,104
"Gene_1834",59,82,96,62,121,114
"Gene_1835",58,74,95,55,101,116
"Gene_1836",50,81,108,74,115,117
"Gene_1837",50,75,81,72,88,108
"Gene_1838",55,85,88,65,88,108
"Gene_1839",55,74,129,54,101,147
"Gene_1840",62,83,101,58,92,116
"Gene_1841",50,77,107,66,97,123
"Gene_1842",51,83,104,64,97,108
"Gene_1843",51,90,124,70,88,138
"Gene_1844",50,81,87,61,112,136
"Gene_1845",55,96,96,59,102,112
"Gene_1846",50,76,82,60,79,152
"Gene_1847",46,61,99,62,84,110
"Gene_1848",52,81,114,68,104,117
"Gene_1849",62,93,118,66,92,123
"Gene_1850",64,85,83,70,91,136
"Gene_1851",52,61,113,70,108,150
"Gene_1852",59,61,100,54,84,132
"Gene_1853",59,84,95,70,97,114
"Gene_1854",45,84,113,45,83,134
"Gene_1855",66,79,78,65,116,117
"Gene_1856",58,66,96,77,101,100
"Gene_1857",56,79,96,55,91,118
"Gene_1858",62,69,101,70,82,104
"Gene_1859",48,85,99,69,83,100
"Gene_1860",54,90,109,68,88,111
"Gene_1861",45,66,121,68,121,130
"Gene_1862",57,89,81,50,102,116
"Gene_1863",55,70,99,59,101,87
"Gene_1864",56,78,101,63,103,129
"Gene_1865",58,82,91,50,116,94
"Gene_1866",51,84,112,60,83,116
"Gene_1867",52,67,92,70,102,128
"Gene_1868",65,88,104,62,96,123
"Gene_1869",52,80,139,70,98,111
"Gene_1870",64,85,99,65,113,102
"Gene_1871",53,76,120,57,98,134
"Gene_1872",60,86,104,62,88,111
"Gene_1873",48,77,99,48,95,120
"Gene_1874",62,88,96,67,96,108
"Gene_1875",57,83,113,71,97,100
"Gene_1876",54,78,92,74,85,110
"Gene_1877",61,72,101,78,112,102
"Gene_1878",50,74,112,58,94,112
"Gene_1879",46,76,107,55,83,132
"Gene_1880",59,100,91,58,118,120
"Gene_1881",61,84,109,72,84,90
"Gene_1882",58,89,105,60,98,126
"Gene_1883",49,79,108,53,91,148
"Gene_1884",62,94,108,60,82,105
"Gene_1885",54,80,114,58,92,93
"Gene_1886",59,79,104,62,79,132
"Gene_1887",63,71,127,62,106,123
"Gene_1888",57,80,101,70,101,130
"Gene_1889",55,106,104,65,91,116
"Gene_1890",49,85,120,63,90,120
"Gene_1891",58,81,107,70,100,122
"Gene_1892",57,87,122,79,86,106
"Gene_1893",48,70,116,59,103,88
"Gene_1894",55,89,94,67,82,114
"Gene_1895",57,63,99,78,126,135
"Gene_1896",52,86,124,60,85,134
"Gene_1897",59,83,99,77,97,134
"Gene_1898",68,66,91,74,102,118
"Gene_1899",64,80,110,62,106,123
"Gene_1900",53,79,109,69,96,126
"Gene_1901",51,67,109,68,72,130
"Gene_1902",58,97,95,62,71,118
"Gene_1903",55,90,113,55,102,111
"Gene_1904",57,84,101,63,97,126
"Gene_1905",61,77,88,71,90,135
"Gene_1906",50,75,112,77,104,104
"Gene_1907",49,62,121,73,95,120
"Gene_1908",66,96,114,66,96,114
"Gene_1909",60,73,99,63,72,105
"Gene_1910",55,80,92,51,88,129
"Gene_1911",58,80,96,65,118,118
"Gene_1912",61,69,103,62,96,110
"Gene_1913",66,83,105,54,78,105
"Gene_1914",52,75,94,56,100,110
"Gene_1915",63,85,114,53,100,134
"Gene_1916",64,73,127,54,103,122
"Gene_1917",57,77,113,70,92,128
"Gene_1918",58,79,98,62,94,108
"Gene_1919",69,94,113,60,106,124
"Gene_1920",59,73,109,62,98,135
"Gene_1921",55,68,101,59,95,110
"Gene_1922",59,83,91,71,107,118
"Gene_1923",59,80,95,61,82,110
"Gene_1924",46,97,94,51,95,99
"Gene_1925",59,85,103,62,108,156
"Gene_1926",61,69,81,66,91,120
"Gene_1927",69,76,98,60,97,105
"Gene_1928",60,100,99,49,95,122
"Gene_1929",47,76,98,62,114,124
"Gene_1930",57,72,86,55,122,117
"Gene_1931",59,73,94,63,76,124
"Gene_1932",47,92,112,58,80,111
"Gene_1933",52,70,108,75,82,156
"Gene_1934",57,92,109,69,92,128
"Gene_1935",60,87,87,66,90,112
"Gene_1936",46,80,103,62,89,114
"Gene_1937",58,82,121,57,90,100
"Gene_1938",57,77,77,61,124,118
"Gene_1939",51,81,88,69,74,116
"Gene_1940",52,84,113,64,84,122
"Gene_1941",54,78,129,65,79,102
"Gene_1942",55,71,121,55,114,147
"Gene_1943",56,70,100,57,100,123
"Gene_1944",42,89,112,65,108,124
"Gene_1945",61,78,105,58,94,104
"Gene_1946",52,68,107,62,109,150
"Gene_1947",48,76,109,62,96,102
"Gene_1948",53,94,104,74,109,106
"Gene_1949",55,72,99,58,96,105
"Gene_1950",48,74,121,64,98,122
"Gene_1951",44,86,86,64,107,106
"Gene_1952",61,87,120,61,118,123
"Gene_1953",48,89,100,65,104,136
"Gene_1954",50,76,81,71,100,124
"Gene_1955",56,84,109,62,107,128
"Gene_1956",47,85,98,70,84,129
"Gene_1957",48,73,108,67,97,102
"Gene_1958",49,70,95,65,106,120
"Gene_1959",57,64,120,57,91,123
"Gene_1960",54,87,98,54,76,129
"Gene_1961",57,64,109,73,94,120
"Gene_1962",50,81,138,73,91,124
"Gene_1963",55,76,127,54,86,110
"Gene_1964",66,72,108,73,91,96
"Gene_1965",51,79,104,56,95,136
"Gene_1966",49,70,108,65,73,128
"Gene_1967",48,92,126,69,101,128
"Gene_1968",55,79,92,62,86,142
"Gene_1969",62,81,103,69,112,124
"Gene_1970",43,92,105,62,78,132
"Gene_1971",56,86,82,59,113,104
"Gene_1972",55,74,108,65,107,108
"Gene_1973",67,70,107,58,97,118
"Gene_1974",59,68,70,57,90,106
"Gene_1975",54,56,124,70,95,123
"Gene_1976",52,76,114,54,94,124
"Gene_1977",50,72,107,70,112,96
"Gene_1978",56,87,84,67,116,135
"Gene_1979",52,80,109,77,100,88
"Gene_1980",61,77,105,65,97,122
"Gene_1981",64,59,95,85,85,130
"Gene_1982",51,84,129,70,97,118
"Gene_1983",57,58,95,64,108,130
"Gene_1984",48,82,72,62,115,116
"Gene_1985",58,86,96,67,83,110
"Gene_1986",66,87,122,46,104,129
"Gene_1987",55,67,110,52,107,116
"Gene_1988",54,76,92,57,116,123
"Gene_1989",55,98,107,60,98,128
"Gene_1990",59,90,110,52,94,112
"Gene_1991",55,71,104,62,92,116
"Gene_1992",54,89,103,63,109,112
"Gene_1993",46,67,112,62,103,124
"Gene_1994",50,97,90,62,91,146
"Gene_1995",48,80,118,78,94,96
"Gene_1996",46,101,107,66,113,122
"Gene_1997",56,69,95,62,77,105
"Gene_1998",60,83,96,62,71,132
"Gene_1999",62,91,92,71,102,135
"Gene_2000",61,89,107,62,90,111
"Gene_2001",54,82,120,54,103,100
"Gene_2002",69,98,96,63,90,128
"Gene_2003",46,70,110,62,112,123
"Gene_2004",48,86,100,65,103,114
"Gene_2005",53,71,98,62,95,142
"Gene_2006",52,94,100,69,101,106
"Gene_2007",64,87,99,73,106,108
"Gene_2008",52,76,99,61,94,130
"Gene_2009",57,83,121,54,89,114
"Gene_2010",52,73,104,65,106,130
"Gene_2011",68,75,105,65,92,99
"Gene_2012",65,85,87,68,114,150
"Gene_2013",54,83,114,74,94,112
"Gene_2014",60,73,99,70,115,123
"Gene_2015",50,76,120,66,90,136
"Gene_2016",57,79,104,74,103,118
"Gene_2017",52,72,96,67,94,108
"Gene_2018",55,75,122,64,108,124
"Gene_2019",52,75,107,68,80,123
"Gene_2020",64,80,81,59,101,134
"Gene_2021",55,83,109,61,103,106
"Gene_2022",64,72,107,63,102,94
"Gene_2023",59,78,103,66,95,98
"Gene_2024",51,69,101,58,92,138
"Gene_2025",58,78,105,57,114,126
"Gene_2026",47,94,116,57,84,114
"Gene_2027",60,76,117,66,94,126
"Gene_2028",52,91,103,62,107,104
"Gene_2029",68,75,114,62,97,112
"Gene_2030",69,84,95,62,98,140
"Gene_2031",52,87,90,54,101,132
"Gene_2032",69,81,86,51,101,120
"Gene_2033",59,77,107,59,94,126
"Gene_2034",58,84,88,54,90,92
"Gene_2035",52,85,117,73,78,126
"Gene_2036",60,79,108,64,80,123
"Gene_2037",58,88,112,65,94,138
"Gene_2038",51,83,113,70,102,126
"Gene_2039",61,69,98,70,85,132
"Gene_2040",60,76,131,61,108,142
"Gene_2041",64,77,95,64,102,129
"Gene_2042",68,69,117,74,101,99
"Gene_2043",52,75,130,61,84,111
"Gene_2044",55,81,121,69,94,120
"Gene_2045",62,92,92,58,124,122
"Gene_2046",51,88,91,54,101,126
"Gene_2047",51,102,129,65,101,110
"Gene_2048",62,79,88,52,70,104
"Gene_2049",56,83,117,58,96,117
"Gene_2050",62,84,124,51,119,108
"Gene_2051",51,88,121,74,103,117
"Gene_2052",43,81,122,60,114,112
"Gene_2053",56,74,116,52,96,112
"Gene_2054",56,80,108,70,88,116
"Gene_2055",62,69,98,57,98,108
"Gene_2056",44,85,87,65,115,117
"Gene_2057",62,89,117,66,118,114
"Gene_2058",41,71,95,56,94,116
"Gene_2059",55,87,91,57,91,138
"Gene_2060",54,66,105,62,103,129
"Gene_2061",49,81,107,67,98,122
"Gene_2062",55,85,121,73,94,116
"Gene_2063",56,75,100,83,110,141
"Gene_2064",46,79,104,53,107,111
"Gene_2065",43,97,116,74,94,124
"Gene_2066",61,82,92,57,100,105
"Gene_2067",52,83,101,70,100,130
"Gene_2068",50,73,109,64,85,130
"Gene_2069",60,90,105,59,90,104
"Gene_2070",46,80,105,67,94,99
"Gene_2071",50,81,105,59,90,120
"Gene_2072",62,82,117,62,96,102
"Gene_2073",54,79,110,61,100,132
"Gene_2074",63,85,95,65,84,114
"Gene_2075",56,97,105,54,91,120
"Gene_2076",61,82,104,70,90,120
"Gene_2077",57,78,127,50,96,128
"Gene_2078",61,78,104,66,97,130
"Gene_2079",56,69,84,66,95,141
"Gene_2080",62,72,104,53,116,130
"Gene_2081",53,70,105,68,71,154
"Gene_2082",51,95,110,63,89,128
"Gene_2083",61,82,104,47,96,117
"Gene_2084",52,78,103,61,89,135
"Gene_2085",63,75,114,67,102,130
"Gene_2086",52,84,117,59,86,141
"Gene_2087",52,78,100,65,86,136
"Gene_2088",55,95,88,61,100,124
"Gene_2089",63,80,98,66,103,123
"Gene_2090",55,76,96,66,89,116
"Gene_2091",59,81,121,72,84,114
"Gene_2092",59,74,82,56,80,128
"Gene_2093",58,83,95,62,98,116
"Gene_2094",52,80,118,70,88,140
"Gene_2095",52,63,96,64,95,126
"Gene_2096",52,97,84,62,92,117
"Gene_2097",51,73,112,62,86,140
"Gene_2098",48,96,105,66,77,140
"Gene_2099",68,93,99,65,104,118
"Gene_2100",44,73,110,60,104,106
"Gene_2101",63,79,120,60,79,118
"Gene_2102",52,83,86,58,98,111
"Gene_2103",60,87,90,65,96,123
"Gene_2104",64,85,108,67,98,126
"Gene_2105",63,81,110,54,95,94
"Gene_2106",52,56,86,57,94,128
"Gene_2107",48,71,107,59,102,135
"Gene_2108",62,67,103,73,86,112
"Gene_2109",59,75,108,62,83,110
"Gene_2110",52,71,82,54,107,118
"Gene_2111",45,85,114,69,116,116
"Gene_2112",61,80,101,67,86,128
"Gene_2113",63,81,107,63,92,130
"Gene_2114",55,68,122,75,79,122
"Gene_2115",61,98,79,62,96,96
"Gene_2116",57,78,105,51,91,114
"Gene_2117",61,80,100,72,96,112
"Gene_2118",52,88,94,79,92,124
"Gene_2119",66,72,110,74,88,146
"Gene_2120",39,84,94,69,106,124
"Gene_2121",57,92,98,78,92,118
"Gene_2122",47,78,112,58,102,116
"Gene_2123",58,77,101,65,106,112
"Gene_2124",64,89,100,48,91,117
"Gene_2125",46,74,103,61,89,111
"Gene_2126",55,84,103,55,79,130
"Gene_2127",55,78,103,71,85,112
"Gene_2128",52,84,109,62,89,138
"Gene_2129",63,86,86,48,90,141
"Gene_2130",53,105,95,67,96,123
"Gene_2131",50,90,96,57,101,134
"Gene_2132",49,88,107,70,89,132
"Gene_2133",53,82,88,68,84,112
"Gene_2134",66,76,107,62,84,111
"Gene_2135",62,78,110,53,108,118
"Gene_2136",53,83,91,68,102,104
"Gene_2137",50,73,91,72,110,112
"Gene_2138",48,91,107,62,97,116
"Gene_2139",59,71,109,72,98,116
"Gene_2140",55,71,86,60,112,120
"Gene_2141",50,78,109,66,85,130
"Gene_2142",51,81,125,67,88,114
"Gene_2143",50,87,113,57,90,126
"Gene_2144",56,82,107,62,115,147
"Gene_2145",59,74,101,74,98,112
"Gene_2146",59,98,88,52,95,94
"Gene_2147",49,85,92,64,94,108
"Gene_2148",53,68,100,71,95,114
"Gene_2149",58,71,98,65,77,117
"Gene_2150",57,85,110,57,126,126
"Gene_2151",56,87,108,65,83,140
"Gene_2152",57,71,98,78,90,146
"Gene_2153",58,88,122,69,82,117
"Gene_2154",57,76,117,53,103,128
"Gene_2155",59,77,103,74,89,117
"Gene_2156",53,65,126,62,107,117
"Gene_2157",54,81,90,77,100,132
"Gene_2158",45,76,110,62,94,141
"Gene_2159",57,76,103,72,98,116
"Gene_2160",59,81,100,59,88,129
"Gene_2161",58,84,114,54,102,126
"Gene_2162",52,81,118,69,96,96
"Gene_2163",56,83,105,46,112,111
"Gene_2164",48,78,100,60,100,117
"Gene_2165",52,84,95,74,104,104
"Gene_2166",50,72,95,66,96,116
"Gene_2167",50,70,83,60,90,94
"Gene_2168",53,91,98,58,101,146
"Gene_2169",50,61,101,62,102,116
"Gene_2170",52,61,116,55,108,117
"Gene_2171",62,89,105,55,106,117
"Gene_2172",60,77,104,62,90,111
"Gene_2173",62,81,90,56,109,122
"Gene_2174",62,84,110,77,101,126
"Gene_2175",45,91,114,72,120,128
"Gene_2176",71,74,92,62,96,106
"Gene_2177",60,86,107,59,92,135
"Gene_2178",56,71,116,57,96,111
"Gene_2179",52,90,98,66,112,110
"Gene_2180",51,77,110,60,89,116
"Gene_2181",59,89,116,53,122,110
"Gene_2182",52,79,103,55,88,141
"Gene_2183",57,74,99,69,79,122
"Gene_2184",53,95,121,67,94,130
"Gene_2185",52,75,105,50,92,104
"Gene_2186",55,69,95,62,113,130
"Gene_2187",46,83,83,65,84,122
"Gene_2188",39,77,121,78,88,111
"Gene_2189",56,60,94,66,89,112
"Gene_2190",59,94,107,60,94,106
"Gene_2191",52,76,113,74,102,122
"Gene_2192",54,86,134,62,65,106
"Gene_2193",52,76,94,67,90,126
"Gene_2194",54,76,109,70,101,124
"Gene_2195",55,82,88,52,120,124
"Gene_2196",55,76,103,54,100,122
"Gene_2197",57,92,92,51,100,123
"Gene_2198",64,72,105,46,108,135
"Gene_2199",57,87,118,68,78,114
"Gene_2200",65,72,113,52,77,106
"Gene_2201",52,70,101,58,114,110
"Gene_2202",54,87,108,61,118,140
"Gene_2203",48,68,125,58,88,122
"Gene_2204",41,77,86,70,84,120
"Gene_2205",62,74,92,67,108,111
"Gene_2206",52,97,124,66,100,104
"Gene_2207",57,80,77,67,85,142
"Gene_2208",49,87,98,69,82,134
"Gene_2209",66,101,104,78,79,146
"Gene_2210",62,88,103,76,120,105
"Gene_2211",60,71,108,66,107,135
"Gene_2212",56,89,101,62,115,126
"Gene_2213",60,60,130,65,103,110
"Gene_2214",59,88,112,62,101,106
"Gene_2215",66,84,107,75,100,144
"Gene_2216",61,91,91,58,96,129
"Gene_2217",55,85,95,59,94,111
"Gene_2218",55,96,95,74,119,114
"Gene_2219",52,82,88,59,92,126
"Gene_2220",63,65,95,70,96,114
"Gene_2221",55,87,118,61,95,114
"Gene_2222",58,96,101,60,90,118
"Gene_2223",58,84,120,66,94,130
"Gene_2224",67,64,117,61,90,102
"Gene_2225",58,98,121,76,84,144
"Gene_2226",50,70,83,71,78,132
"Gene_2227",54,93,118,63,83,138
"Gene_2228",55,84,105,66,89,129
"Gene_2229",51,82,75,82,118,117
"Gene_2230",67,83,95,57,80,110
"Gene_2231",55,75,103,69,91,110
"Gene_2232",56,76,116,62,90,152
"Gene_2233",50,66,105,66,97,120
"Gene_2234",52,78,107,58,91,129
"Gene_2235",41,98,116,69,78,106
"Gene_2236",55,90,95,70,102,96
"Gene_2237",62,84,96,68,92,130
"Gene_2238",63,89,99,62,94,135
"Gene_2239",57,81,114,68,86,108
"Gene_2240",63,77,105,58,90,147
"Gene_2241",56,110,109,65,116,104
"Gene_2242",67,72,113,59,95,144
"Gene_2243",66,86,95,64,94,90
"Gene_2244",55,85,101,62,101,126
"Gene_2245",58,88,104,66,80,129
"Gene_2246",53,80,99,54,83,117
"Gene_2247",56,64,91,56,90,108
"Gene_2248",59,95,121,55,109,129
"Gene_2249",53,81,101,66,106,118
"Gene_2250",58,98,101,69,90,135
"Gene_2251",55,89,114,60,112,108
"Gene_2252",50,66,127,73,73,106
"Gene_2253",52,83,108,62,86,132
"Gene_2254",63,74,127,65,85,148
"Gene_2255",55,76,99,54,103,120
"Gene_2256",51,72,92,48,82,117
"Gene_2257",51,60,129,75,78,120
"Gene_2258",62,85,100,54,89,122
"Gene_2259",56,71,110,81,78,110
"Gene_2260",69,58,101,68,92,108
"Gene_2261",67,84,143,69,101,108
"Gene_2262",59,88,98,82,109,118
"Gene_2263",56,80,90,58,98,114
"Gene_2264",59,73,103,58,89,141
"Gene_2265",52,77,105,66,110,126
"Gene_2266",58,82,108,49,109,134
"Gene_2267",52,76,88,70,109,136
"Gene_2268",55,79,95,60,95,108
"Gene_2269",54,86,114,80,103,118
"Gene_2270",54,84,109,69,92,114
"Gene_2271",50,68,96,67,95,138
"Gene_2272",47,92,120,69,113,112
"Gene_2273",61,91,105,66,110,87
"Gene_2274",59,83,121,71,91,120
"Gene_2275",58,88,121,66,101,138
"Gene_2276",48,79,86,63,80,144
"Gene_2277",55,76,114,69,108,129
"Gene_2278",57,80,104,49,94,116
"Gene_2279",54,80,98,73,113,122
"Gene_2280",48,97,101,58,94,153
"Gene_2281",57,74,100,53,74,114
"Gene_2282",64,68,118,54,82,120
"Gene_2283",48,104,100,74,90,112
"Gene_2284",55,73,96,70,89,102
"Gene_2285",52,92,108,55,104,126
"Gene_2286",62,72,83,66,80,120
"Gene_2287",55,77,103,56,112,100
"Gene_2288",47,88,103,58,102,136
"Gene_2289",56,82,84,63,104,124
"Gene_2290",55,76,101,71,83,104
"Gene_2291",42,78,98,62,86,111
"Gene_2292",51,75,100,58,101,150
"Gene_2293",44,85,113,79,77,124
"Gene_2294",73,76,104,47,88,118
"Gene_2295",41,75,118,74,74,132
"Gene_2296",48,87,98,65,85,132
"Gene_2297",54,96,116,47,80,122
"Gene_2298",57,76,103,63,106,118
"Gene_2299",46,90,104,55,79,104
"Gene_2300",57,88,109,62,90,118
"Gene_2301",71,77,101,78,96,117
"Gene_2302",61,79,79,67,88,110
"Gene_2303",48,74,105,71,98,148
"Gene_2304",53,75,109,61,109,117
"Gene_2305",52,71,108,69,94,123
"Gene_2306",62,74,112,50,96,106
"Gene_2307",57,87,99,55,102,117
"Gene_2308",59,73,120,71,116,110
"Gene_2309",50,92,104,58,86,111
"Gene_2310",48,86,100,59,89,98
"Gene_2311",56,71,103,72,96,106
"Gene_2312",58,92,125,61,95,118
"Gene_2313",62,86,120,78,108,116
"Gene_2314",54,79,98,71,97,147
"Gene_2315",68,71,112,56,94,129
"Gene_2316",52,84,84,53,98,128
"Gene_2317",57,85,99,66,114,117
"Gene_2318",56,65,110,54,104,120
"Gene_2319",55,73,114,64,88,142
"Gene_2320",56,69,84,71,97,93
"Gene_2321",55,70,112,69,104,120
"Gene_2322",56,85,104,71,92,110
"Gene_2323",47,80,84,70,94,124
"Gene_2324",53,98,116,61,104,144
"Gene_2325",60,89,95,56,84,117
"Gene_2326",67,85,107,56,104,106
"Gene_2327",57,80,117,79,94,88
"Gene_2328",52,79,88,62,90,141
"Gene_2329",51,84,79,64,92,114
"Gene_2330",44,74,120,62,106,114
"Gene_2331",52,67,94,70,108,120
"Gene_2332",60,82,126,50,96,126
"Gene_2333",46,78,92,64,103,118
"Gene_2334",52,69,95,58,106,142
"Gene_2335",55,86,131,56,97,126
"Gene_2336",61,75,124,67,86,136
"Gene_2337",65,88,101,58,85,132
"Gene_2338",55,84,94,65,82,122
"Gene_2339",53,90,104,50,101,134
"Gene_2340",55,86,103,65,98,106
"Gene_2341",55,68,105,58,113,111
"Gene_2342",56,93,124,70,91,123
"Gene_2343",65,85,108,70,95,120
"Gene_2344",51,79,107,62,109,140
"Gene_2345",50,74,84,70,72,117
"Gene_2346",48,77,105,67,95,111
"Gene_2347",51,74,107,62,107,123
"Gene_2348",58,70,113,52,96,134
"Gene_2349",63,98,103,74,107,141
"Gene_2350",52,81,109,66,112,116
"Gene_2351",45,66,94,50,79,124
"Gene_2352",73,78,104,64,96,117
"Gene_2353",57,86,96,56,96,108
"Gene_2354",66,83,109,78,74,116
"Gene_2355",53,88,110,63,95,92
"Gene_2356",63,80,118,69,88,120
"Gene_2357",50,80,103,53,108,112
"Gene_2358",51,85,95,66,89,126
"Gene_2359",59,84,105,66,100,124
"Gene_2360",52,82,96,70,92,111
"Gene_2361",52,65,104,70,103,98
"Gene_2362",52,76,96,71,91,114
"Gene_2363",52,78,109,55,91,98
"Gene_2364",48,73,98,72,89,104
"Gene_2365",55,88,99,63,97,118
"Gene_2366",62,83,109,62,103,105
"Gene_2367",59,80,101,60,102,134
"Gene_2368",57,79,117,79,83,138
"Gene_2369",64,75,104,67,85,117
"Gene_2370",66,80,116,58,116,114
"Gene_2371",37,73,91,61,98,112
"Gene_2372",58,85,116,67,96,126
"Gene_2373",43,72,91,63,97,129
"Gene_2374",71,80,91,73,97,114
"Gene_2375",56,82,118,66,89,114
"Gene_2376",52,65,101,66,103,138
"Gene_2377",54,75,90,62,114,108
"Gene_2378",55,78,118,64,102,123
"Gene_2379",55,87,79,63,108,148
"Gene_2380",61,74,88,62,89,110
"Gene_2381",57,80,100,64,113,126
"Gene_2382",59,85,104,65,113,114
"Gene_2383",55,86,94,61,96,120
"Gene_2384",51,65,129,59,92,126
"Gene_2385",55,84,99,68,98,120
"Gene_2386",66,84,108,66,108,135
"Gene_2387",58,94,124,67,94,100
"Gene_2388",59,82,113,66,108,123
"Gene_2389",59,75,101,56,90,122
"Gene_2390",59,75,88,58,94,130
"Gene_2391",64,90,88,65,85,153
"Gene_2392",55,77,114,57,103,128
"Gene_2393",57,86,135,58,91,130
"Gene_2394",68,87,113,70,97,102
"Gene_2395",52,68,107,61,90,130
"Gene_2396",57,71,104,67,85,129
"Gene_2397",55,98,101,68,73,142
"Gene_2398",56,95,104,66,91,114
"Gene_2399",54,76,99,74,110,141
"Gene_2400",62,88,101,53,89,100
"Gene_2401",62,82,105,77,115,123
"Gene_2402",59,73,108,54,98,116
"Gene_2403",57,69,108,58,91,147
"Gene_2404",57,79,110,67,79,129
"Gene_2405",69,83,105,76,101,120
"Gene_2406",47,75,105,66,88,124
"Gene_2407",55,94,98,62,90,124
"Gene_2408",48,80,117,70,114,135
"Gene_2409",54,87,103,56,110,116
"Gene_2410",55,72,117,63,84,134
"Gene_2411",59,80,101,54,100,132
"Gene_2412",55,77,112,54,74,106
"Gene_2413",57,79,114,63,82,116
"Gene_2414",46,81,94,73,104,138
"Gene_2415",57,70,101,60,101,120
"Gene_2416",53,81,87,70,100,148
"Gene_2417",60,80,101,62,90,114
"Gene_2418",62,82,99,70,78,120
"Gene_2419",54,88,109,60,65,124
"Gene_2420",77,83,91,64,83,122
"Gene_2421",72,73,90,74,85,105
"Gene_2422",52,76,109,66,104,108
"Gene_2423",62,101,114,67,96,108
"Gene_2424",66,70,101,72,92,112
"Gene_2425",48,81,100,60,107,106
"Gene_2426",56,71,122,65,103,114
"Gene_2427",57,78,107,58,88,134
"Gene_2428",65,63,108,62,76,123
"Gene_2429",42,90,133,70,89,112
"Gene_2430",64,82,100,65,97,111
"Gene_2431",49,97,91,67,95,86
"Gene_2432",62,85,116,68,94,124
"Gene_2433",53,79,100,58,104,122
"Gene_2434",63,84,94,59,78,141
"Gene_2435",64,67,103,70,107,105
"Gene_2436",64,78,90,66,94,122
"Gene_2437",54,78,117,61,102,141
"Gene_2438",47,76,101,74,104,132
"Gene_2439",62,69,84,65,95,124
"Gene_2440",48,78,94,62,102,123
"Gene_2441",62,100,101,62,102,98
"Gene_2442",55,78,95,60,98,122
"Gene_2443",59,85,87,71,97,114
"Gene_2444",55,76,103,59,90,130
"Gene_2445",64,72,98,66,103,111
"Gene_2446",52,79,94,66,120,108
"Gene_2447",67,76,118,66,109,106
"Gene_2448",59,85,105,58,100,90
"Gene_2449",52,95,108,74,84,99
"Gene_2450",57,73,122,63,89,94
"Gene_2451",65,89,126,64,96,147
"Gene_2452",58,74,94,59,92,129
"Gene_2453",53,89,104,58,96,136
"Gene_2454",61,79,116,69,91,120
"Gene_2455",48,74,112,65,84,117
"Gene_2456",57,79,103,62,79,126
"Gene_2457",43,86,108,63,102,120
"Gene_2458",57,87,87,72,102,123
"Gene_2459",51,74,125,65,100,99
"Gene_2460",56,65,107,62,96,120
"Gene_2461",59,81,120,66,88,114
"Gene_2462",51,77,101,84,70,96
"Gene_2463",59,82,109,50,100,112
"Gene_2464",52,70,83,70,85,114
"Gene_2465",60,86,105,62,114,116
"Gene_2466",59,78,94,60,118,102
"Gene_2467",46,83,101,46,95,122
"Gene_2468",53,76,127,61,115,141
"Gene_2469",55,70,114,66,95,105
"Gene_2470",56,67,133,64,77,106
"Gene_2471",58,79,95,72,108,117
"Gene_2472",59,83,104,65,109,99
"Gene_2473",63,87,131,66,89,117
"Gene_2474",60,82,105,54,96,98
"Gene_2475",47,69,99,54,119,138
"Gene_2476",56,77,96,74,109,120
"Gene_2477",51,66,105,61,91,130
"Gene_2478",42,70,86,73,110,126
"Gene_2479",49,70,104,70,100,114
"Gene_2480",57,90,110,75,80,110
"Gene_2481",46,99,120,71,100,132
"Gene_2482",60,84,95,61,100,135
"Gene_2483",58,78,117,64,90,112
"Gene_2484",59,95,105,69,78,98
"Gene_2485",52,85,112,68,101,124
"Gene_2486",52,82,112,68,85,110
"Gene_2487",58,90,110,63,104,105
"Gene_2488",51,65,112,67,92,110
"Gene_2489",52,72,92,61,95,108
"Gene_2490",55,88,103,75,95,152
"Gene_2491",46,72,100,69,89,105
"Gene_2492",62,79,108,60,92,116
"Gene_2493",60,67,104,70,80,140
"Gene_2494",57,73,100,61,84,128
"Gene_2495",51,98,100,54,79,118
"Gene_2496",60,86,96,66,97,111
"Gene_2497",54,68,107,57,97,130
"Gene_2498",58,81,100,68,102,92
"Gene_2499",62,79,127,60,83,108
"Gene_2500",52,85,90,52,73,124
"Gene_2501",62,84,108,67,94,94
"Gene_2502",51,89,114,70,76,128
"Gene_2503",64,82,96,55,98,108
"Gene_2504",59,79,117,57,101,160
"Gene_2505",57,84,103,62,101,134
"Gene_2506",61,78,100,65,89,154
"Gene_2507",52,89,82,77,92,128
"Gene_2508",59,76,103,62,86,141
"Gene_2509",62,90,91,78,89,112
"Gene_2510",57,88,101,62,82,94
"Gene_2511",52,78,131,74,106,114
"Gene_2512",46,74,98,68,103,124
"Gene_2513",56,79,103,67,88,120
"Gene_2514",62,93,99,61,100,102
"Gene_2515",55,92,105,64,86,106
"Gene_2516",65,70,116,67,116,110
"Gene_2517",54,76,86,66,89,120
"Gene_2518",51,83,118,75,102,120
"Gene_2519",55,115,105,68,85,122
"Gene_2520",60,72,103,68,96,110
"Gene_2521",57,62,107,67,97,117
"Gene_2522",56,85,107,62,102,114
"Gene_2523",44,69,112,58,112,114
"Gene_2524",55,88,122,66,113,104
"Gene_2525",60,72,75,70,83,136
"Gene_2526",55,67,108,54,82,128
"Gene_2527",55,69,117,66,66,110
"Gene_2528",57,80,104,67,104,117
"Gene_2529",58,89,101,66,96,122
"Gene_2530",58,68,120,51,103,116
"Gene_2531",45,89,112,54,101,140
"Gene_2532",58,77,109,69,109,138
"Gene_2533",66,71,91,67,85,136
"Gene_2534",50,79,91,58,76,112
"Gene_2535",51,78,105,67,108,112
"Gene_2536",65,73,109,63,84,120
"Gene_2537",52,72,104,66,88,117
"Gene_2538",52,79,91,62,100,108
"Gene_2539",55,79,103,81,112,118
"Gene_2540",57,68,81,57,89,117
"Gene_2541",55,82,101,62,92,136
"Gene_2542",53,80,94,58,103,120
"Gene_2543",54,81,103,63,95,124
"Gene_2544",46,74,84,69,100,141
"Gene_2545",54,96,127,48,79,111
"Gene_2546",46,84,99,64,82,117
"Gene_2547",48,77,114,76,106,124
"Gene_2548",48,77,103,61,110,124
"Gene_2549",50,74,91,66,96,141
"Gene_2550",62,72,113,73,74,98
"Gene_2551",56,85,99,65,100,112
"Gene_2552",52,82,110,75,90,106
"Gene_2553",46,67,109,70,107,130
"Gene_2554",53,79,104,64,102,130
"Gene_2555",48,81,112,65,94,135
"Gene_2556",51,76,131,61,91,117
"Gene_2557",57,82,114,64,107,135
"Gene_2558",56,84,130,78,100,123
"Gene_2559",55,72,122,63,115,96
"Gene_2560",59,80,98,62,113,106
"Gene_2561",56,76,82,64,92,117
"Gene_2562",52,73,107,62,90,130
"Gene_2563",52,76,101,63,101,129
"Gene_2564",54,85,108,72,89,117
"Gene_2565",46,81,100,59,109,128
"Gene_2566",56,90,103,64,89,128
"Gene_2567",51,72,83,63,108,100
"Gene_2568",43,75,92,59,109,105
"Gene_2569",55,63,100,60,92,135
"Gene_2570",58,85,83,59,91,138
"Gene_2571",50,76,108,62,96,108
"Gene_2572",48,68,90,54,101,99
"Gene_2573",48,73,103,46,97,134
"Gene_2574",55,71,112,54,94,94
"Gene_2575",66,85,98,62,114,122
"Gene_2576",54,69,103,62,88,112
"Gene_2577",44,61,94,78,92,108
"Gene_2578",53,81,108,71,90,140
"Gene_2579",48,79,96,57,97,110
"Gene_2580",62,87,99,67,96,112
"Gene_2581",67,78,109,71,94,105
"Gene_2582",52,82,117,48,101,104
"Gene_2583",72,69,124,64,107,106
"Gene_2584",61,85,109,62,109,120
"Gene_2585",60,83,91,58,91,114
"Gene_2586",69,79,109,58,82,118
"Gene_2587",54,81,114,59,112,102
"Gene_2588",55,80,92,64,112,116
"Gene_2589",55,100,81,67,102,114
"Gene_2590",58,88,121,70,92,130
"Gene_2591",49,81,125,63,92,102
"Gene_2592",52,65,127,62,92,104
"Gene_2593",63,89,109,61,103,118
"Gene_2594",54,64,103,56,80,106
"Gene_2595",59,84,118,63,102,135
"Gene_2596",54,69,101,62,85,132
"Gene_2597",52,78,91,61,130,105
"Gene_2598",55,81,103,64,79,136
"Gene_2599",52,68,112,61,102,92
"Gene_2600",55,70,104,58,88,118
"Gene_2601",52,85,86,62,101,138
"Gene_2602",50,80,91,56,106,126
"Gene_2603",49,76,99,59,74,117
"Gene_2604",58,85,98,64,94,114
"Gene_2605",52,82,104,74,91,130
"Gene_2606",59,85,122,58,91,140
"Gene_2607",48,75,101,58,90,124
"Gene_2608",58,70,87,74,97,134
"Gene_2609",57,69,113,65,84,112
"Gene_2610",59,93,127,51,97,124
"Gene_2611",68,90,91,73,89,134
"Gene_2612",62,71,90,67,102,129
"Gene_2613",57,75,118,63,109,165
"Gene_2614",67,86,105,69,112,118
"Gene_2615",59,85,86,60,110,134
"Gene_2616",59,96,100,63,98,126
"Gene_2617",64,69,100,62,98,122
"Gene_2618",57,81,101,63,89,129
"Gene_2619",60,88,94,69,94,106
"Gene_2620",54,84,105,61,85,110
"Gene_2621",62,90,94,62,96,141
"Gene_2622",58,86,110,63,102,132
"Gene_2623",52,88,91,62,102,126
"Gene_2624",52,77,105,54,104,120
"Gene_2625",70,80,90,50,89,126
"Gene_2626",56,58,105,59,94,123
"Gene_2627",54,70,96,70,100,120
"Gene_2628",52,77,110,63,78,123
"Gene_2629",57,72,109,60,100,153
"Gene_2630",74,79,112,62,72,120
"Gene_2631",52,82,99,62,94,108
"Gene_2632",61,76,104,57,83,114
"Gene_2633",59,68,105,76,90,110
"Gene_2634",51,87,104,62,106,136
"Gene_2635",57,88,104,62,104,118
"Gene_2636",64,100,98,69,100,134
"Gene_2637",59,78,105,56,103,117
"Gene_2638",41,81,91,72,102,124
"Gene_2639",43,66,114,67,119,135
"Gene_2640",55,69,114,72,89,114
"Gene_2641",61,78,105,58,98,104
"Gene_2642",63,81,104,67,92,94
"Gene_2643",55,78,87,70,124,117
"Gene_2644",68,77,99,58,103,99
"Gene_2645",62,97,100,58,102,114
"Gene_2646",63,77,112,52,80,120
"Gene_2647",54,63,109,55,106,141
"Gene_2648",50,86,96,67,97,110
"Gene_2649",58,82,110,76,106,156
"Gene_2650",57,76,103,64,102,102
"Gene_2651",56,75,112,64,89,124
"Gene_2652",51,83,94,59,109,130
"Gene_2653",56,81,114,67,101,138
"Gene_2654",57,88,104,54,89,120
"Gene_2655",63,86,82,69,91,123
"Gene_2656",62,88,73,61,80,112
"Gene_2657",46,61,104,58,94,132
"Gene_2658",54,77,98,68,107,123
"Gene_2659",54,71,101,70,92,111
"Gene_2660",51,85,107,78,100,92
"Gene_2661",59,76,99,58,74,104
"Gene_2662",63,82,87,52,100,146
"Gene_2663",57,83,108,52,106,130
"Gene_2664",49,75,110,62,102,129
"Gene_2665",66,79,100,62,92,111
"Gene_2666",59,76,101,66,83,122
"Gene_2667",59,87,110,55,103,128
"Gene_2668",64,75,130,62,98,112
"Gene_2669",51,69,107,65,95,122
"Gene_2670",55,80,112,63,92,134
"Gene_2671",49,60,92,74,82,111
"Gene_2672",59,92,105,58,102,122
"Gene_2673",53,70,104,63,84,118
"Gene_2674",59,91,92,66,74,129
"Gene_2675",61,75,114,68,96,135
"Gene_2676",55,68,101,66,97,117
"Gene_2677",46,74,96,56,98,126
"Gene_2678",49,86,99,60,107,129
"Gene_2679",54,65,99,67,100,111
"Gene_2680",56,78,98,69,109,141
"Gene_2681",66,87,103,58,95,96
"Gene_2682",63,71,109,66,94,124
"Gene_2683",59,84,100,59,84,146
"Gene_2684",52,91,124,73,95,129
"Gene_2685",58,80,88,59,108,94
"Gene_2686",57,74,100,61,86,102
"Gene_2687",62,76,120,58,70,117
"Gene_2688",55,75,100,54,103,123
"Gene_2689",53,78,107,63,95,118
"Gene_2690",55,71,99,71,94,120
"Gene_2691",51,84,77,74,107,106
"Gene_2692",60,95,105,54,89,111
"Gene_2693",48,102,122,69,97,141
"Gene_2694",64,85,101,60,113,114
"Gene_2695",64,78,107,68,91,112
"Gene_2696",58,91,100,65,104,106
"Gene_2697",60,86,96,55,86,112
"Gene_2698",51,98,95,63,100,122
"Gene_2699",58,83,118,79,96,108
"Gene_2700",50,78,125,46,98,104
"Gene_2701",62,87,103,70,88,122
"Gene_2702",57,81,103,68,92,135
"Gene_2703",60,83,84,66,97,111
"Gene_2704",63,92,103,60,95,108
"Gene_2705",62,68,100,66,88,160
"Gene_2706",54,69,109,70,80,123
"Gene_2707",58,71,104,66,115,105
"Gene_2708",64,85,104,60,103,130
"Gene_2709",67,73,91,73,108,136
"Gene_2710",48,91,98,55,113,117
"Gene_2711",54,73,96,56,76,108
"Gene_2712",59,80,113,62,100,118
"Gene_2713",55,59,94,57,91,112
"Gene_2714",54,82,121,59,107,142
"Gene_2715",57,72,107,58,104,130
"Gene_2716",56,74,109,69,77,130
"Gene_2717",58,95,100,67,92,118
"Gene_2718",48,78,101,68,83,132
"Gene_2719",57,77,77,66,106,99
"Gene_2720",56,86,121,65,89,120
"Gene_2721",62,82,84,61,100,128
"Gene_2722",60,94,109,66,101,141
"Gene_2723",61,87,122,71,107,138
"Gene_2724",62,62,105,74,104,112
"Gene_2725",59,74,109,66,102,124
"Gene_2726",55,86,108,69,95,112
"Gene_2727",49,81,95,62,96,87
"Gene_2728",57,89,95,51,90,100
"Gene_2729",67,62,113,67,94,117
"Gene_2730",61,94,112,65,107,122
"Gene_2731",56,93,99,61,90,93
"Gene_2732",59,77,121,73,91,124
"Gene_2733",54,81,99,64,97,124
"Gene_2734",58,85,95,71,112,130
"Gene_2735",57,84,91,52,104,114
"Gene_2736",53,88,104,47,91,110
"Gene_2737",54,79,88,63,84,106
"Gene_2738",59,81,121,59,97,114
"Gene_2739",66,77,109,70,95,111
"Gene_2740",53,66,92,66,108,112
"Gene_2741",50,68,113,64,83,123
"Gene_2742",55,73,86,61,97,108
"Gene_2743",61,77,107,73,90,114
"Gene_2744",50,74,127,69,88,124
"Gene_2745",51,80,100,81,80,104
"Gene_2746",58,82,91,45,90,123
"Gene_2747",61,89,107,63,90,142
"Gene_2748",64,78,83,69,125,132
"Gene_2749",60,68,88,66,84,122
"Gene_2750",49,80,122,58,90,120
"Gene_2751",58,78,101,62,108,138
"Gene_2752",56,76,110,72,76,128
"Gene_2753",52,75,107,66,118,100
"Gene_2754",57,67,108,58,103,130
"Gene_2755",57,74,98,58,98,122
"Gene_2756",55,100,91,65,98,94
"Gene_2757",58,82,114,58,106,129
"Gene_2758",48,91,110,74,102,123
"Gene_2759",62,82,83,53,104,126
"Gene_2760",50,97,116,63,118,114
"Gene_2761",50,78,118,67,102,147
"Gene_2762",46,71,108,70,107,123
"Gene_2763",59,66,108,65,102,130
"Gene_2764",58,86,92,62,107,98
"Gene_2765",52,66,87,78,103,111
"Gene_2766",50,84,101,70,108,147
"Gene_2767",54,82,124,69,90,128
"Gene_2768",49,85,126,70,79,112
"Gene_2769",55,81,107,65,95,144
"Gene_2770",51,74,99,62,92,160
"Gene_2771",51,81,103,51,106,116
"Gene_2772",59,79,118,64,108,134
"Gene_2773",64,85,103,60,88,102
"Gene_2774",57,72,110,59,112,153
"Gene_2775",61,82,96,59,110,99
"Gene_2776",52,90,105,58,97,104
"Gene_2777",57,70,95,66,122,136
"Gene_2778",66,83,98,73,102,102
"Gene_2779",53,83,118,66,82,120
"Gene_2780",59,82,103,61,91,132
"Gene_2781",60,83,86,62,107,112
"Gene_2782",64,65,103,76,90,117
"Gene_2783",46,78,120,61,98,104
"Gene_2784",55,72,90,68,95,118
"Gene_2785",52,83,101,76,103,150
"Gene_2786",59,82,92,65,106,114
"Gene_2787",47,95,126,54,104,114
"Gene_2788",47,76,78,65,94,99
"Gene_2789",57,76,107,68,92,140
"Gene_2790",66,87,118,66,94,117
"Gene_2791",65,70,113,59,97,140
"Gene_2792",39,80,114,57,100,132
"Gene_2793",66,81,109,59,103,112
"Gene_2794",54,76,105,66,84,108
"Gene_2795",42,83,101,62,91,140
"Gene_2796",51,80,88,62,103,114
"Gene_2797",58,68,105,66,100,102
"Gene_2798",55,94,133,66,98,126
"Gene_2799",49,67,108,68,101,129
"Gene_2800",55,74,96,61,101,120
"Gene_2801",64,87,124,58,83,116
"Gene_2802",55,95,118,63,89,122
"Gene_2803",52,71,99,66,90,123
"Gene_2804",64,73,99,68,109,138
"Gene_2805",53,86,88,68,95,136
"Gene_2806",50,88,83,62,94,118
"Gene_2807",62,84,92,62,83,106
"Gene_2808",60,78,103,51,91,114
"Gene_2809",57,107,110,77,95,129
"Gene_2810",66,88,103,70,90,92
"Gene_2811",49,76,96,62,112,108
"Gene_2812",46,89,98,55,106,129
"Gene_2813",56,81,92,69,97,124
"Gene_2814",59,75,108,66,114,110
"Gene_2815",59,81,107,78,96,124
"Gene_2816",63,84,77,70,91,114
"Gene_2817",50,74,124,66,85,118
"Gene_2818",59,69,88,59,100,152
"Gene_2819",64,76,126,58,115,144
"Gene_2820",62,88,108,55,98,87
"Gene_2821",55,81,81,57,91,110
"Gene_2822",46,73,83,57,97,128
"Gene_2823",48,75,125,66,101,120
"Gene_2824",53,78,126,54,89,120
"Gene_2825",53,74,112,66,94,132
"Gene_2826",57,66,92,65,97,122
"Gene_2827",56,88,121,68,103,117
"Gene_2828",56,74,101,67,94,117
"Gene_2829",62,94,94,65,82,112
"Gene_2830",44,86,105,56,86,96
"Gene_2831",55,80,120,70,92,138
"Gene_2832",52,54,94,74,89,141
"Gene_2833",50,84,104,63,126,96
"Gene_2834",52,85,126,62,126,124
"Gene_2835",55,80,99,68,70,126
"Gene_2836",61,77,105,73,91,123
"Gene_2837",57,77,92,73,116,128
"Gene_2838",43,94,116,63,91,116
"Gene_2839",52,75,88,53,108,99
"Gene_2840",67,74,103,67,114,93
"Gene_2841",49,78,124,55,102,98
"Gene_2842",48,74,96,70,106,104
"Gene_2843",51,79,99,69,94,112
"Gene_2844",50,75,105,75,104,126
"Gene_2845",65,85,92,57,74,120
"Gene_2846",63,66,96,58,96,100
"Gene_2847",49,88,117,46,102,116
"Gene_2848",55,72,107,52,112,122
"Gene_2849",63,80,94,74,103,144
"Gene_2850",54,69,110,73,98,122
"Gene_2851",71,70,101,63,82,116
"Gene_2852",65,76,104,62,82,123
"Gene_2853",60,67,109,76,91,128
"Gene_2854",44,77,109,70,95,114
"Gene_2855",56,89,112,74,90,111
"Gene_2856",41,82,96,64,106,124
"Gene_2857",55,75,94,62,79,108
"Gene_2858",57,70,114,62,108,118
"Gene_2859",59,76,98,69,90,124
"Gene_2860",59,76,87,77,112,138
"Gene_2861",63,71,99,65,91,144
"Gene_2862",54,89,103,55,110,120
"Gene_2863",50,85,117,66,107,128
"Gene_2864",55,91,86,48,107,132
"Gene_2865",60,83,101,53,82,112
"Gene_2866",57,90,116,59,82,117
"Gene_2867",49,85,94,66,92,147
"Gene_2868",50,70,96,60,102,114
"Gene_2869",50,80,109,56,101,122
"Gene_2870",54,78,103,65,92,142
"Gene_2871",46,78,114,65,104,114
"Gene_2872",66,74,104,71,92,108
"Gene_2873",55,71,82,73,106,135
"Gene_2874",51,77,94,49,107,122
"Gene_2875",56,78,86,74,76,117
"Gene_2876",59,96,121,70,90,130
"Gene_2877",50,83,110,67,104,150
"Gene_2878",63,81,103,66,86,120
"Gene_2879",52,102,94,65,110,152
"Gene_2880",55,68,112,66,85,122
"Gene_2881",55,78,110,48,96,93
"Gene_2882",50,82,109,70,108,144
"Gene_2883",66,82,88,58,85,120
"Gene_2884",62,75,127,58,96,118
"Gene_2885",43,67,117,54,92,118
"Gene_2886",57,65,105,66,102,122
"Gene_2887",60,72,105,66,90,124
"Gene_2888",51,73,87,66,102,146
"Gene_2889",47,75,107,69,88,117
"Gene_2890",52,73,113,68,108,111
"Gene_2891",75,67,125,63,80,122
"Gene_2892",49,79,118,59,106,126
"Gene_2893",54,78,107,58,115,114
"Gene_2894",52,92,90,61,100,108
"Gene_2895",57,79,109,64,116,94
"Gene_2896",59,89,90,68,94,126
"Gene_2897",48,82,110,63,91,123
"Gene_2898",65,72,101,67,97,106
"Gene_2899",55,93,112,63,101,112
"Gene_2900",52,82,114,58,109,114
"Gene_2901",46,65,96,67,88,123
"Gene_2902",59,81,112,63,80,118
"Gene_2903",66,65,81,58,95,156
"Gene_2904",54,81,113,63,89,112
"Gene_2905",52,73,95,55,97,123
"Gene_2906",49,76,116,54,94,140
"Gene_2907",68,88,98,50,97,105
"Gene_2908",48,89,95,67,97,128
"Gene_2909",63,74,118,81,85,110
"Gene_2910",50,88,121,70,102,114
"Gene_2911",57,85,107,59,73,135
"Gene_2912",46,77,114,60,97,129
"Gene_2913",54,72,116,63,115,129
"Gene_2914",69,85,92,60,101,110
"Gene_2915",55,96,121,58,96,118
"Gene_2916",52,87,98,58,80,126
"Gene_2917",62,71,98,62,88,99
"Gene_2918",50,71,116,81,91,122
"Gene_2919",59,74,109,53,109,128
"Gene_2920",64,85,124,64,107,116
"Gene_2921",56,78,100,61,89,117
"Gene_2922",59,91,94,65,94,136
"Gene_2923",57,84,82,69,96,130
"Gene_2924",59,69,113,52,95,138
"Gene_2925",55,73,96,71,74,134
"Gene_2926",63,71,121,57,126,126
"Gene_2927",57,72,105,62,106,102
"Gene_2928",52,85,121,64,86,111
"Gene_2929",54,85,98,65,98,122
"Gene_2930",55,85,113,64,103,108
"Gene_2931",39,75,86,65,86,128
"Gene_2932",56,67,120,62,112,117
"Gene_2933",62,86,94,66,85,128
"Gene_2934",55,75,95,58,84,117
"Gene_2935",57,75,114,61,113,130
"Gene_2936",64,69,109,57,84,105
"Gene_2937",52,61,131,60,96,130
"Gene_2938",48,69,98,66,89,110
"Gene_2939",44,72,133,62,78,112
"Gene_2940",59,91,101,72,95,128
"Gene_2941",53,71,112,81,92,140
"Gene_2942",56,71,90,52,108,130
"Gene_2943",55,73,91,67,88,117
"Gene_2944",55,62,99,66,84,124
"Gene_2945",73,71,92,58,107,140
"Gene_2946",57,78,100,54,101,112
"Gene_2947",41,81,120,58,92,117
"Gene_2948",52,72,109,68,97,102
"Gene_2949",62,96,91,69,85,102
"Gene_2950",63,72,95,60,107,136
"Gene_2951",42,81,120,62,86,106
"Gene_2952",52,80,103,74,101,135
"Gene_2953",55,91,112,67,98,116
"Gene_2954",62,82,105,63,104,116
"Gene_2955",60,93,100,60,112,134
"Gene_2956",50,96,104,66,86,142
"Gene_2957",51,69,107,54,95,124
"Gene_2958",64,101,105,64,94,129
"Gene_2959",46,75,118,60,73,129
"Gene_2960",55,73,95,71,96,118
"Gene_2961",55,84,88,51,103,124
"Gene_2962",60,74,105,58,84,128
"Gene_2963",55,75,95,66,98,102
"Gene_2964",52,79,122,70,92,111
"Gene_2965",54,84,92,52,94,122
"Gene_2966",46,77,110,55,92,130
"Gene_2967",59,86,99,71,108,129
"Gene_2968",55,68,116,70,94,116
"Gene_2969",53,78,118,62,110,106
"Gene_2970",59,75,116,44,108,108
"Gene_2971",58,80,88,63,96,114
"Gene_2972",59,80,81,74,102,126
"Gene_2973",62,92,95,76,82,123
"Gene_2974",50,62,100,62,112,141
"Gene_2975",46,91,113,67,94,118
"Gene_2976",50,78,114,63,94,135
"Gene_2977",62,64,91,61,98,106
"Gene_2978",60,62,95,81,100,117
"Gene_2979",57,81,104,59,95,123
"Gene_2980",60,94,98,63,90,136
"Gene_2981",50,85,109,73,90,124
"Gene_2982",52,80,112,82,109,116
"Gene_2983",56,82,107,65,84,110
"Gene_2984",59,75,112,62,113,111
"Gene_2985",62,81,131,61,95,96
"Gene_2986",65,104,108,63,94,135
"Gene_2987",57,79,99,50,100,111
"Gene_2988",55,91,107,60,79,98
"Gene_2989",52,70,100,59,90,122
"Gene_2990",50,86,107,61,118,124
"Gene_2991",54,87,96,62,106,132
"Gene_2992",52,71,81,59,95,112
"Gene_2993",50,86,108,61,86,112
"Gene_2994",55,75,81,59,89,129
"Gene_2995",55,83,112,68,104,129
"Gene_2996",58,66,94,60,102,111
"Gene_2997",47,88,110,67,94,130
"Gene_2998",52,83,103,60,86,130
"Gene_2999",57,91,91,65,98,98
"Gene_3000",59,77,79,66,91,132
"Gene_3001",56,75,105,66,89,140
"Gene_3002",60,92,118,63,86,111
"Gene_3003",59,97,110,64,119,111
"Gene_3004",57,69,96,58,109,144
"Gene_3005",63,72,116,55,103,136
"Gene_3006",57,76,86,58,113,117
"Gene_3007",56,71,104,61,102,106
"Gene_3008",55,65,117,66,92,104
"Gene_3009",50,85,105,72,70,129
"Gene_3010",61,81,98,59,94,126
"Gene_3011",53,86,96,65,96,120
"Gene_3012",59,71,91,65,108,129
"Gene_3013",50,78,96,62,98,132
"Gene_3014",54,82,96,70,96,106
"Gene_3015",46,82,103,55,92,99
"Gene_3016",59,74,99,59,88,135
"Gene_3017",64,86,129,73,85,122
"Gene_3018",53,83,114,77,79,123
"Gene_3019",43,78,105,60,108,132
"Gene_3020",52,76,107,62,98,110
"Gene_3021",60,90,104,79,86,146
"Gene_3022",53,69,105,50,118,130
"Gene_3023",47,75,117,62,97,129
"Gene_3024",66,66,83,73,96,102
"Gene_3025",57,81,127,68,90,105
"Gene_3026",36,77,105,62,110,130
"Gene_3027",61,96,124,64,84,114
"Gene_3028",55,78,108,66,90,102
"Gene_3029",49,68,86,66,97,110
"Gene_3030",50,78,103,75,90,105
"Gene_3031",53,86,129,62,80,102
"Gene_3032",59,84,90,56,77,123
"Gene_3033",52,65,116,66,94,118
"Gene_3034",46,79,130,71,98,112
"Gene_3035",51,81,103,66,84,108
"Gene_3036",60,75,107,69,102,111
"Gene_3037",50,84,117,70,85,106
"Gene_3038",59,79,101,77,102,106
"Gene_3039",59,76,116,65,95,112
"Gene_3040",57,76,90,62,65,98
"Gene_3041",46,80,96,71,103,122
"Gene_3042",46,91,95,64,92,141
"Gene_3043",55,85,110,58,92,128
"Gene_3044",56,81,112,71,101,106
"Gene_3045",55,76,109,68,108,111
"Gene_3046",55,86,112,61,97,132
"Gene_3047",52,88,96,69,98,118
"Gene_3048",47,63,100,90,92,105
"Gene_3049",58,73,113,58,96,132
"Gene_3050",60,73,142,57,95,122
"Gene_3051",53,78,109,57,88,110
"Gene_3052",59,78,95,58,85,106
"Gene_3053",59,73,98,61,90,117
"Gene_3054",45,78,112,59,101,112
"Gene_3055",64,89,108,78,88,102
"Gene_3056",54,90,109,55,80,123
"Gene_3057",62,80,116,65,96,88
"Gene_3058",46,80,107,51,101,98
"Gene_3059",62,98,99,78,98,147
"Gene_3060",59,75,118,64,102,126
"Gene_3061",57,62,107,59,84,116
"Gene_3062",62,74,126,65,116,144
"Gene_3063",59,85,96,79,82,124
"Gene_3064",57,63,110,78,60,123
"Gene_3065",44,71,113,76,109,98
"Gene_3066",55,83,112,62,89,120
"Gene_3067",55,72,104,50,109,124
"Gene_3068",53,61,107,66,94,90
"Gene_3069",57,76,130,68,97,120
"Gene_3070",53,84,108,70,100,116
"Gene_3071",53,86,92,67,84,136
"Gene_3072",64,76,95,67,89,100
"Gene_3073",49,84,87,66,70,120
"Gene_3074",50,73,101,70,98,120
"Gene_3075",46,82,116,62,84,141
"Gene_3076",41,84,114,53,91,104
"Gene_3077",55,86,91,60,88,108
"Gene_3078",48,78,105,63,76,111
"Gene_3079",56,81,99,60,104,123
"Gene_3080",59,71,91,76,110,112
"Gene_3081",44,76,112,61,91,105
"Gene_3082",50,70,100,71,106,130
"Gene_3083",52,80,92,55,107,116
"Gene_3084",58,74,108,63,108,142
"Gene_3085",56,74,98,60,89,123
"Gene_3086",57,75,114,66,102,104
"Gene_3087",52,88,114,70,95,126
"Gene_3088",57,74,107,47,94,129
"Gene_3089",60,78,118,54,65,93
"Gene_3090",58,69,121,74,90,132
"Gene_3091",60,77,127,70,91,108
"Gene_3092",50,87,116,58,86,138
"Gene_3093",57,77,121,58,91,142
"Gene_3094",49,79,100,74,110,93
"Gene_3095",57,89,103,70,98,112
"Gene_3096",56,71,100,66,86,132
"Gene_3097",57,88,99,58,108,126
"Gene_3098",55,84,103,59,95,129
"Gene_3099",49,67,99,74,79,106
"Gene_3100",57,68,82,62,84,128
"Gene_3101",62,79,100,66,109,132
"Gene_3102",64,62,84,70,102,116
"Gene_3103",56,95,79,56,74,124
"Gene_3104",62,80,99,63,98,122
"Gene_3105",57,89,87,52,90,118
"Gene_3106",59,74,98,62,104,135
"Gene_3107",50,69,107,57,110,129
"Gene_3108",55,67,90,66,86,124
"Gene_3109",57,82,100,56,89,126
"Gene_3110",57,81,100,63,94,110
"Gene_3111",52,84,101,66,114,140
"Gene_3112",58,77,98,59,106,118
"Gene_3113",57,75,86,58,97,108
"Gene_3114",50,70,110,72,113,117
"Gene_3115",50,93,107,56,100,124
"Gene_3116",55,76,92,68,94,114
"Gene_3117",52,93,98,52,85,94
"Gene_3118",57,70,99,68,80,126
"Gene_3119",68,74,98,59,113,136
"Gene_3120",50,82,118,68,112,118
"Gene_3121",48,91,98,62,89,129
"Gene_3122",58,85,134,63,91,92
"Gene_3123",49,78,109,58,91,129
"Gene_3124",55,67,110,67,90,123
"Gene_3125",54,78,83,65,96,117
"Gene_3126",64,92,103,56,88,132
"Gene_3127",55,65,100,66,103,128
"Gene_3128",55,80,105,62,106,132
"Gene_3129",64,85,79,61,89,120
"Gene_3130",69,81,99,78,85,102
"Gene_3131",71,75,99,61,91,122
"Gene_3132",53,81,112,71,97,111
"Gene_3133",56,76,103,68,102,129
"Gene_3134",50,96,112,75,91,105
"Gene_3135",64,82,103,65,96,129
"Gene_3136",57,70,117,65,100,102
"Gene_3137",57,71,94,62,107,124
"Gene_3138",65,73,99,49,96,128
"Gene_3139",57,90,109,54,98,116
"Gene_3140",60,77,117,69,91,111
"Gene_3141",59,74,90,61,82,129
"Gene_3142",55,74,90,68,98,129
"Gene_3143",52,82,117,67,115,112
"Gene_3144",55,89,103,67,86,110
"Gene_3145",55,83,96,58,100,130
"Gene_3146",51,77,103,54,91,118
"Gene_3147",52,98,103,66,82,129
"Gene_3148",58,67,98,52,104,120
"Gene_3149",55,81,120,76,106,142
"Gene_3150",53,82,112,66,100,134
"Gene_3151",54,76,100,58,100,98
"Gene_3152",51,81,101,58,101,92
"Gene_3153",59,76,95,68,103,162
"Gene_3154",61,85,101,68,109,106
"Gene_3155",46,83,109,70,89,112
"Gene_3156",62,85,108,73,89,112
"Gene_3157",59,85,104,74,94,110
"Gene_3158",52,74,104,49,92,105
"Gene_3159",51,79,122,66,97,134
"Gene_3160",46,80,100,70,98,134
"Gene_3161",57,77,113,74,102,158
"Gene_3162",52,85,101,63,96,128
"Gene_3163",50,77,120,67,110,130
"Gene_3164",56,69,98,66,120,122
"Gene_3165",55,84,90,60,88,98
"Gene_3166",62,76,100,58,108,102
"Gene_3167",46,78,107,81,90,128
"Gene_3168",52,79,90,63,100,104
"Gene_3169",59,84,84,57,89,126
"Gene_3170",58,92,113,65,126,126
"Gene_3171",57,88,91,68,94,129
"Gene_3172",46,73,78,78,101,136
"Gene_3173",60,70,103,67,86,123
"Gene_3174",55,84,98,67,89,105
"Gene_3175",51,76,125,66,107,135
"Gene_3176",62,73,95,71,80,126
"Gene_3177",60,80,110,56,98,114
"Gene_3178",52,86,110,73,91,117
"Gene_3179",66,94,98,70,80,120
"Gene_3180",62,97,98,69,101,124
"Gene_3181",50,79,88,65,90,126
"Gene_3182",58,59,94,74,115,130
"Gene_3183",52,75,135,57,80,128
"Gene_3184",59,84,87,58,92,93
"Gene_3185",41,77,103,81,98,141
"Gene_3186",55,80,103,59,94,117
"Gene_3187",62,80,90,51,102,94
"Gene_3188",50,85,107,75,102,114
"Gene_3189",57,82,105,54,84,110
"Gene_3190",50,67,101,62,89,132
"Gene_3191",47,76,114,62,110,126
"Gene_3192",50,83,99,71,77,132
"Gene_3193",56,85,133,62,80,110
"Gene_3194",59,76,82,50,83,122
"Gene_3195",66,81,113,71,102,130
"Gene_3196",62,82,109,53,114,123
"Gene_3197",59,86,88,74,92,128
"Gene_3198",59,74,104,61,89,104
"Gene_3199",48,66,108,67,106,128
"Gene_3200",62,75,100,57,98,112
"Gene_3201",63,89,94,58,84,141
"Gene_3202",49,82,108,78,79,110
"Gene_3203",48,66,95,70,86,147
"Gene_3204",60,84,105,73,92,110
"Gene_3205",60,71,98,58,77,124
"Gene_3206",59,79,108,62,106,132
"Gene_3207",57,81,99,55,102,116
"Gene_3208",57,78,109,66,102,135
"Gene_3209",53,71,98,74,65,128
"Gene_3210",59,82,105,76,92,118
"Gene_3211",66,82,98,62,84,118
"Gene_3212",55,72,99,78,112,118
"Gene_3213",54,61,88,69,91,122
"Gene_3214",57,84,107,66,98,120
"Gene_3215",53,68,126,59,90,154
"Gene_3216",57,72,122,54,104,147
"Gene_3217",60,87,109,64,106,128
"Gene_3218",51,84,75,60,104,136
"Gene_3219",47,78,99,64,103,116
"Gene_3220",54,84,81,70,113,94
"Gene_3221",61,83,121,66,92,112
"Gene_3222",48,89,103,63,92,120
"Gene_3223",59,90,87,74,103,136
"Gene_3224",64,84,108,66,98,90
"Gene_3225",69,69,126,71,83,110
"Gene_3226",52,83,103,72,98,124
"Gene_3227",47,67,101,56,89,106
"Gene_3228",57,78,117,62,89,105
"Gene_3229",52,74,109,65,78,112
"Gene_3230",64,62,99,52,98,128
"Gene_3231",58,78,117,57,95,122
"Gene_3232",58,84,126,70,102,130
"Gene_3233",59,69,110,59,118,136
"Gene_3234",69,79,107,55,85,134
"Gene_3235",49,67,86,52,101,126
"Gene_3236",54,72,96,62,96,110
"Gene_3237",63,69,100,69,115,134
"Gene_3238",66,87,121,65,115,136
"Gene_3239",66,67,100,48,120,114
"Gene_3240",50,78,84,48,76,129
"Gene_3241",53,77,92,54,96,106
"Gene_3242",53,85,121,64,112,111
"Gene_3243",50,76,100,57,89,111
"Gene_3244",68,79,100,72,110,130
"Gene_3245",48,79,100,74,101,108
"Gene_3246",59,77,82,65,92,84
"Gene_3247",41,79,98,72,92,136
"Gene_3248",54,89,94,73,84,120
"Gene_3249",47,76,92,67,97,122
"Gene_3250",53,82,109,66,102,123
"Gene_3251",51,76,96,68,91,120
"Gene_3252",54,80,116,77,92,138
"Gene_3253",59,82,86,67,92,108
"Gene_3254",60,95,118,78,89,112
"Gene_3255",71,89,114,55,92,105
"Gene_3256",53,76,96,55,90,112
"Gene_3257",48,81,110,60,97,104
"Gene_3258",48,85,109,74,84,134
"Gene_3259",65,81,110,72,101,123
"Gene_3260",74,80,103,72,96,104
"Gene_3261",64,73,82,62,90,98
"Gene_3262",57,85,110,60,88,135
"Gene_3263",60,86,116,78,101,158
"Gene_3264",56,83,108,59,114,135
"Gene_3265",64,87,104,78,88,120
"Gene_3266",70,102,122,66,109,93
"Gene_3267",49,81,107,54,102,110
"Gene_3268",43,88,109,70,106,108
"Gene_3269",57,90,113,45,103,148
"Gene_3270",51,68,99,55,98,117
"Gene_3271",47,88,107,69,92,110
"Gene_3272",57,63,92,70,97,126
"Gene_3273",58,72,110,63,91,122
"Gene_3274",78,60,98,78,118,147
"Gene_3275",46,88,87,66,92,146
"Gene_3276",49,86,108,62,89,123
"Gene_3277",62,79,96,52,96,110
"Gene_3278",54,80,95,69,103,106
"Gene_3279",50,96,103,60,89,105
"Gene_3280",67,68,109,64,84,132
"Gene_3281",55,64,100,63,95,136
"Gene_3282",57,82,108,62,113,135
"Gene_3283",64,76,112,72,101,106
"Gene_3284",55,91,88,62,102,98
"Gene_3285",49,73,107,63,89,118
"Gene_3286",60,79,107,63,102,117
"Gene_3287",55,81,121,80,106,129
"Gene_3288",52,80,100,68,113,120
"Gene_3289",52,90,104,67,89,98
"Gene_3290",52,88,109,77,106,129
"Gene_3291",64,87,98,62,113,141
"Gene_3292",52,74,107,64,118,94
"Gene_3293",62,69,107,61,95,112
"Gene_3294",68,87,116,53,80,126
"Gene_3295",59,83,121,54,95,110
"Gene_3296",64,76,99,53,80,123
"Gene_3297",46,84,114,67,94,118
"Gene_3298",66,71,113,64,91,106
"Gene_3299",68,95,96,70,83,124
"Gene_3300",57,92,113,64,89,110
"Gene_3301",55,76,122,61,91,124
"Gene_3302",57,92,103,62,103,144
"Gene_3303",54,84,88,70,84,104
"Gene_3304",50,76,112,56,90,122
"Gene_3305",53,79,98,56,76,116
"Gene_3306",57,90,101,64,95,105
"Gene_3307",62,82,104,64,106,104
"Gene_3308",60,77,92,72,88,110
"Gene_3309",62,73,109,62,94,102
"Gene_3310",47,84,133,67,104,129
"Gene_3311",56,93,82,74,107,94
"Gene_3312",56,76,98,58,102,110
"Gene_3313",58,79,107,69,120,123
"Gene_3314",55,93,110,69,119,122
"Gene_3315",49,82,109,58,110,117
"Gene_3316",62,70,105,67,109,112
"Gene_3317",45,53,103,54,104,122
"Gene_3318",54,71,92,71,89,98
"Gene_3319",74,104,110,64,106,112
"Gene_3320",52,69,113,50,100,138
"Gene_3321",64,67,90,59,94,112
"Gene_3322",57,79,103,52,106,112
"Gene_3323",57,83,120,66,104,134
"Gene_3324",61,87,103,51,86,132
"Gene_3325",55,78,121,66,112,106
"Gene_3326",55,74,109,63,104,128
"Gene_3327",57,72,125,70,100,124
"Gene_3328",53,77,109,61,86,123
"Gene_3329",52,79,112,69,109,117
"Gene_3330",60,79,104,59,101,84
"Gene_3331",56,82,105,49,91,110
"Gene_3332",62,86,108,54,102,138
"Gene_3333",62,81,109,70,90,135
"Gene_3334",53,85,92,67,88,104
"Gene_3335",48,73,101,58,92,105
"Gene_3336",50,94,79,63,95,117
"Gene_3337",59,68,103,52,97,111
"Gene_3338",50,81,86,55,88,138
"Gene_3339",55,83,95,71,114,108
"Gene_3340",51,85,91,64,100,112
"Gene_3341",59,85,78,70,82,112
"Gene_3342",51,77,107,67,92,132
"Gene_3343",57,73,99,61,83,129
"Gene_3344",60,73,103,78,92,110
"Gene_3345",52,93,110,58,89,141
"Gene_3346",54,93,101,68,110,117
"Gene_3347",61,95,101,71,108,112
"Gene_3348",58,61,101,55,101,108
"Gene_3349",49,81,110,62,109,110
"Gene_3350",57,73,105,62,90,128
"Gene_3351",71,71,120,66,100,110
"Gene_3352",61,105,95,73,98,128
"Gene_3353",55,70,116,74,116,152
"Gene_3354",59,75,134,56,116,132
"Gene_3355",64,63,126,75,120,126
"Gene_3356",54,72,109,62,102,129
"Gene_3357",57,68,101,54,85,123
"Gene_3358",52,80,105,64,106,118
"Gene_3359",56,83,104,65,77,104
"Gene_3360",59,70,103,55,96,110
"Gene_3361",55,82,108,61,98,124
"Gene_3362",53,75,110,59,83,114
"Gene_3363",71,76,107,63,103,144
"Gene_3364",54,80,107,62,104,99
"Gene_3365",53,85,130,49,97,120
"Gene_3366",57,81,117,61,107,123
"Gene_3367",62,80,104,65,96,84
"Gene_3368",60,69,107,58,101,108
"Gene_3369",52,83,96,67,107,86
"Gene_3370",57,104,100,74,84,105
"Gene_3371",50,90,105,58,77,110
"Gene_3372",46,90,103,61,96,108
"Gene_3373",49,86,99,58,102,118
"Gene_3374",52,77,112,72,108,124
"Gene_3375",54,79,103,64,110,112
"Gene_3376",48,74,98,64,101,124
"Gene_3377",50,82,101,63,83,117
"Gene_3378",53,72,116,75,110,122
"Gene_3379",50,73,92,59,78,120
"Gene_3380",69,79,108,61,101,144
"Gene_3381",62,69,112,71,88,100
"Gene_3382",57,77,109,58,94,110
"Gene_3383",50,84,108,70,83,110
"Gene_3384",55,91,118,60,79,135
"Gene_3385",59,72,109,62,102,106
"Gene_3386",49,80,94,72,83,128
"Gene_3387",62,89,99,57,103,114
"Gene_3388",58,77,98,64,106,117
"Gene_3389",62,76,122,58,121,116
"Gene_3390",50,92,94,63,109,132
"Gene_3391",51,88,110,66,118,130
"Gene_3392",57,71,100,59,91,134
"Gene_3393",64,77,107,60,112,134
"Gene_3394",59,89,107,67,86,118
"Gene_3395",52,90,100,58,95,122
"Gene_3396",53,76,130,71,96,141
"Gene_3397",55,78,101,66,104,104
"Gene_3398",52,72,107,69,106,129
"Gene_3399",52,78,121,70,106,110
"Gene_3400",60,70,86,54,101,148
"Gene_3401",60,87,109,62,97,120
"Gene_3402",53,87,101,62,78,128
"Gene_3403",58,77,101,63,103,126
"Gene_3404",50,84,101,60,104,108
"Gene_3405",56,92,99,65,115,135
"Gene_3406",50,79,108,77,109,114
"Gene_3407",51,85,101,74,96,123
"Gene_3408",64,87,108,70,102,126
"Gene_3409",65,85,86,72,83,134
"Gene_3410",59,102,105,52,103,110
"Gene_3411",59,83,107,77,88,124
"Gene_3412",57,90,109,86,85,141
"Gene_3413",40,81,101,66,90,129
"Gene_3414",57,96,127,56,100,129
"Gene_3415",62,76,100,70,100,122
"Gene_3416",58,65,120,70,73,120
"Gene_3417",60,81,94,49,91,102
"Gene_3418",46,91,100,72,78,123
"Gene_3419",46,78,108,58,92,129
"Gene_3420",54,78,101,68,86,128
"Gene_3421",55,81,108,59,79,117
"Gene_3422",54,86,107,52,94,136
"Gene_3423",58,72,120,63,91,123
"Gene_3424",57,76,116,72,89,116
"Gene_3425",54,75,114,63,86,112
"Gene_3426",59,79,96,66,90,102
"Gene_3427",59,93,92,57,95,129
"Gene_3428",63,89,90,57,97,129
"Gene_3429",49,84,120,62,77,129
"Gene_3430",55,78,96,62,97,108
"Gene_3431",56,88,126,70,98,104
"Gene_3432",61,76,104,69,110,117
"Gene_3433",54,91,91,57,82,114
"Gene_3434",55,76,92,74,98,112
"Gene_3435",55,94,117,64,109,112
"Gene_3436",52,78,124,77,103,134
"Gene_3437",64,97,125,85,95,98
"Gene_3438",57,70,92,75,88,126
"Gene_3439",52,83,104,61,121,117
"Gene_3440",53,100,100,78,101,132
"Gene_3441",53,78,101,64,89,124
"Gene_3442",51,78,131,63,95,92
"Gene_3443",51,76,114,55,90,140
"Gene_3444",51,78,112,54,102,118
"Gene_3445",55,84,103,56,101,129
"Gene_3446",60,85,110,62,110,111
"Gene_3447",50,91,114,77,103,128
"Gene_3448",58,73,114,69,102,120
"Gene_3449",57,97,98,68,115,126
"Gene_3450",55,86,107,69,95,118
"Gene_3451",59,83,105,67,98,87
"Gene_3452",48,85,91,82,89,99
"Gene_3453",57,75,99,67,96,111
"Gene_3454",52,68,92,58,91,124
"Gene_3455",63,89,101,68,109,120
"Gene_3456",55,77,81,54,104,147
"Gene_3457",63,76,96,71,98,124
"Gene_3458",56,85,114,70,94,114
"Gene_3459",62,82,117,63,101,136
"Gene_3460",57,61,112,59,106,112
"Gene_3461",52,80,107,73,95,114
"Gene_3462",50,79,100,54,110,122
"Gene_3463",50,99,95,66,98,126
"Gene_3464",55,88,103,69,82,111
"Gene_3465",70,85,91,69,85,117
"Gene_3466",58,75,90,58,96,116
"Gene_3467",53,85,107,65,82,116
"Gene_3468",57,79,98,65,92,129
"Gene_3469",45,79,112,70,125,112
"Gene_3470",59,95,117,62,89,126
"Gene_3471",59,93,96,69,94,134
"Gene_3472",52,93,82,70,103,100
"Gene_3473",53,83,99,64,77,122
"Gene_3474",55,64,101,62,95,129
"Gene_3475",58,76,101,65,103,104
"Gene_3476",70,83,109,61,98,112
"Gene_3477",59,71,96,68,114,123
"Gene_3478",66,74,107,62,86,146
"Gene_3479",51,69,103,59,96,100
"Gene_3480",46,96,98,74,88,148
"Gene_3481",46,79,95,70,85,123
"Gene_3482",56,80,105,62,97,90
"Gene_3483",62,72,110,66,98,150
"Gene_3484",52,86,90,55,91,126
"Gene_3485",64,69,100,61,84,122
"Gene_3486",62,71,104,69,80,112
"Gene_3487",58,85,98,54,76,126
"Gene_3488",59,78,103,52,91,117
"Gene_3489",57,78,88,61,90,110
"Gene_3490",66,85,121,58,82,108
"Gene_3491",56,102,112,54,91,144
"Gene_3492",61,79,108,52,90,132
"Gene_3493",50,72,101,74,98,104
"Gene_3494",53,75,86,66,91,126
"Gene_3495",57,79,100,74,94,99
"Gene_3496",46,71,103,70,103,112
"Gene_3497",64,79,81,63,80,134
"Gene_3498",59,87,120,61,95,122
"Gene_3499",53,88,98,63,107,116
"Gene_3500",52,90,104,56,76,138
"Gene_3501",52,91,126,73,83,132
"Gene_3502",62,81,120,59,88,129
"Gene_3503",54,93,98,64,102,117
"Gene_3504",60,84,118,54,96,116
"Gene_3505",52,84,107,71,83,129
"Gene_3506",57,88,121,64,78,94
"Gene_3507",60,73,125,72,83,128
"Gene_3508",71,66,117,58,86,124
"Gene_3509",69,89,114,61,97,124
"Gene_3510",62,77,107,66,86,138
"Gene_3511",57,82,91,59,109,128
"Gene_3512",62,94,101,71,92,117
"Gene_3513",51,74,104,77,73,140
"Gene_3514",64,74,107,58,97,104
"Gene_3515",55,88,109,56,101,150
"Gene_3516",56,87,86,74,89,130
"Gene_3517",50,79,87,60,95,104
"Gene_3518",60,88,114,58,94,108
"Gene_3519",57,81,135,50,113,105
"Gene_3520",66,79,112,76,78,126
"Gene_3521",52,80,113,59,91,110
"Gene_3522",57,90,126,62,95,123
"Gene_3523",62,72,86,63,104,117
"Gene_3524",56,84,113,75,89,111
"Gene_3525",55,84,105,50,110,104
"Gene_3526",62,83,81,71,96,112
"Gene_3527",71,74,125,72,72,142
"Gene_3528",55,95,112,60,108,132
"Gene_3529",63,77,98,72,86,122
"Gene_3530",59,72,94,72,92,120
"Gene_3531",55,87,116,72,94,136
"Gene_3532",43,82,120,75,100,128
"Gene_3533",57,81,122,58,95,140
"Gene_3534",56,90,118,59,103,98
"Gene_3535",58,79,82,54,90,114
"Gene_3536",58,89,83,59,98,117
"Gene_3537",57,81,114,75,101,114
"Gene_3538",61,72,107,52,89,102
"Gene_3539",52,60,99,71,120,153
"Gene_3540",55,76,113,66,98,146
"Gene_3541",61,63,99,66,97,96
"Gene_3542",56,86,117,67,82,136
"Gene_3543",55,76,96,66,101,144
"Gene_3544",52,88,104,81,98,114
"Gene_3545",50,78,90,62,110,134
"Gene_3546",56,91,108,62,97,146
"Gene_3547",76,77,120,56,95,135
"Gene_3548",55,73,120,66,101,134
"Gene_3549",74,90,94,64,73,108
"Gene_3550",55,86,90,57,94,140
"Gene_3551",69,68,110,65,103,140
"Gene_3552",51,73,100,62,92,128
"Gene_3553",52,90,117,64,98,110
"Gene_3554",59,97,104,82,88,154
"Gene_3555",48,75,107,61,98,130
"Gene_3556",52,74,95,76,86,112
"Gene_3557",64,89,108,73,104,120
"Gene_3558",66,80,110,57,79,110
"Gene_3559",41,74,99,70,86,102
"Gene_3560",50,69,107,64,114,123
"Gene_3561",54,72,107,80,80,112
"Gene_3562",46,81,104,62,77,106
"Gene_3563",51,89,113,66,98,123
"Gene_3564",58,88,101,81,108,132
"Gene_3565",49,83,107,60,103,100
"Gene_3566",51,73,94,54,85,105
"Gene_3567",57,82,121,60,107,122
"Gene_3568",61,78,99,56,95,117
"Gene_3569",62,73,112,53,94,152
"Gene_3570",57,80,82,54,95,132
"Gene_3571",67,89,95,58,92,99
"Gene_3572",57,88,118,60,92,122
"Gene_3573",58,71,96,60,79,128
"Gene_3574",58,67,96,64,100,102
"Gene_3575",48,59,100,76,83,134
"Gene_3576",57,85,100,59,106,111
"Gene_3577",53,60,90,66,77,134
"Gene_3578",55,82,108,60,86,110
"Gene_3579",53,74,110,57,85,105
"Gene_3580",66,82,116,61,92,129
"Gene_3581",64,72,98,62,79,132
"Gene_3582",57,75,110,53,98,111
"Gene_3583",57,77,96,62,95,120
"Gene_3584",58,81,96,63,104,120
"Gene_3585",62,74,105,55,101,116
"Gene_3586",58,77,107,65,78,147
"Gene_3587",59,78,104,66,103,106
"Gene_3588",59,77,121,79,85,118
"Gene_3589",57,86,94,66,92,129
"Gene_3590",60,94,91,71,83,122
"Gene_3591",56,80,104,73,97,110
"Gene_3592",62,91,92,65,95,120
"Gene_3593",53,80,107,62,90,136
"Gene_3594",52,75,105,61,108,132
"Gene_3595",49,91,99,69,92,122
"Gene_3596",52,68,90,83,107,142
"Gene_3597",64,86,113,66,91,94
"Gene_3598",49,81,92,74,80,105
"Gene_3599",74,71,95,70,97,122
"Gene_3600",55,86,86,65,86,104
"Gene_3601",54,87,117,50,90,104
"Gene_3602",65,82,107,87,100,111
"Gene_3603",66,77,117,50,91,126
"Gene_3604",43,69,99,53,90,112
"Gene_3605",54,77,77,63,103,128
"Gene_3606",65,76,96,70,98,120
"Gene_3607",49,83,110,67,115,98
"Gene_3608",50,88,94,62,103,105
"Gene_3609",57,88,99,56,103,98
"Gene_3610",45,72,112,53,83,106
"Gene_3611",59,86,121,70,89,123
"Gene_3612",67,84,99,71,88,117
"Gene_3613",48,69,94,68,80,124
"Gene_3614",55,88,92,62,97,106
"Gene_3615",59,67,99,66,79,128
"Gene_3616",66,90,100,60,78,102
"Gene_3617",52,80,82,80,85,130
"Gene_3618",60,83,98,54,98,128
"Gene_3619",57,84,109,77,97,144
"Gene_3620",59,84,107,63,103,124
"Gene_3621",48,70,120,65,96,120
"Gene_3622",57,84,107,70,88,102
"Gene_3623",59,79,100,66,80,126
"Gene_3624",48,75,103,66,101,110
"Gene_3625",62,61,113,64,100,90
"Gene_3626",48,83,135,62,100,124
"Gene_3627",53,77,130,66,102,124
"Gene_3628",57,75,121,55,78,108
"Gene_3629",59,75,105,67,98,106
"Gene_3630",57,73,92,60,97,135
"Gene_3631",55,74,117,55,85,116
"Gene_3632",42,83,101,53,86,122
"Gene_3633",52,74,103,66,88,118
"Gene_3634",53,80,96,63,115,108
"Gene_3635",48,81,98,70,102,117
"Gene_3636",51,84,108,61,96,110
"Gene_3637",47,92,109,71,98,135
"Gene_3638",55,83,112,58,98,112
"Gene_3639",54,87,108,60,103,110
"Gene_3640",60,73,92,62,94,120
"Gene_3641",52,60,99,62,83,108
"Gene_3642",57,87,99,63,103,134
"Gene_3643",52,82,100,70,103,110
"Gene_3644",63,71,114,70,80,108
"Gene_3645",57,79,126,58,127,105
"Gene_3646",64,63,117,67,88,116
"Gene_3647",64,75,99,55,84,110
"Gene_3648",63,80,107,62,100,134
"Gene_3649",55,83,95,65,89,141
"Gene_3650",60,65,92,57,102,108
"Gene_3651",42,72,126,62,70,123
"Gene_3652",59,65,121,53,108,110
"Gene_3653",51,71,100,58,91,116
"Gene_3654",56,86,125,66,106,123
"Gene_3655",64,56,103,58,102,117
"Gene_3656",55,82,99,54,79,129
"Gene_3657",60,72,112,62,91,128
"Gene_3658",55,79,99,67,95,104
"Gene_3659",59,76,113,54,86,116
"Gene_3660",48,64,90,54,96,134
"Gene_3661",55,92,107,58,77,112
"Gene_3662",51,91,101,70,109,120
"Gene_3663",50,67,92,65,115,105
"Gene_3664",53,72,83,63,112,111
"Gene_3665",65,93,116,54,101,126
"Gene_3666",62,70,109,57,110,126
"Gene_3667",52,69,88,65,109,132
"Gene_3668",58,74,114,61,97,111
"Gene_3669",57,75,103,70,80,112
"Gene_3670",58,90,109,58,77,117
"Gene_3671",52,70,84,56,85,110
"Gene_3672",55,91,109,67,94,124
"Gene_3673",52,75,125,62,104,108
"Gene_3674",57,76,104,55,91,141
"Gene_3675",51,76,94,66,95,134
"Gene_3676",59,67,131,65,122,124
"Gene_3677",56,73,104,69,120,128
"Gene_3678",56,91,98,71,94,126
"Gene_3679",63,89,109,60,121,106
"Gene_3680",64,83,130,60,94,130
"Gene_3681",52,74,112,51,103,138
"Gene_3682",48,88,104,60,86,135
"Gene_3683",48,78,103,54,84,120
"Gene_3684",59,56,104,68,114,118
"Gene_3685",47,83,120,66,92,123
"Gene_3686",62,80,125,66,92,118
"Gene_3687",55,92,121,72,85,116
"Gene_3688",50,74,104,67,90,117
"Gene_3689",48,75,122,64,120,92
"Gene_3690",52,83,122,70,100,114
"Gene_3691",55,82,90,65,95,92
"Gene_3692",54,75,88,58,94,117
"Gene_3693",51,83,73,70,91,128
"Gene_3694",51,82,99,66,80,106
"Gene_3695",49,66,86,64,104,117
"Gene_3696",50,89,90,59,120,117
"Gene_3697",56,94,109,70,80,126
"Gene_3698",57,77,96,67,106,128
"Gene_3699",53,76,100,65,96,118
"Gene_3700",57,64,134,60,84,124
"Gene_3701",63,69,90,67,114,138
"Gene_3702",48,90,104,70,100,126
"Gene_3703",46,81,98,76,103,135
"Gene_3704",60,84,104,66,86,141
"Gene_3705",65,88,107,63,86,114
"Gene_3706",62,96,110,60,100,122
"Gene_3707",63,73,120,50,85,111
"Gene_3708",61,75,103,60,118,153
"Gene_3709",57,98,84,70,91,114
"Gene_3710",59,87,103,66,110,120
"Gene_3711",52,69,101,69,104,102
"Gene_3712",56,82,124,66,80,111
"Gene_3713",54,75,125,62,83,117
"Gene_3714",60,72,112,62,91,123
"Gene_3715",48,84,108,59,118,112
"Gene_3716",58,85,95,70,120,130
"Gene_3717",73,96,104,70,71,126
"Gene_3718",51,89,79,76,102,141
"Gene_3719",59,69,91,62,92,108
"Gene_3720",62,93,96,62,79,126
"Gene_3721",59,67,90,54,92,130
"Gene_3722",49,80,110,62,102,118
"Gene_3723",50,72,94,56,97,148
"Gene_3724",52,79,112,62,101,122
"Gene_3725",54,72,117,77,94,108
"Gene_3726",59,64,117,70,106,128
"Gene_3727",61,88,110,56,90,124
"Gene_3728",50,88,84,51,91,102
"Gene_3729",50,86,110,68,97,106
"Gene_3730",59,88,95,62,90,117
"Gene_3731",52,99,105,75,91,112
"Gene_3732",58,104,108,56,95,123
"Gene_3733",44,75,117,63,96,118
"Gene_3734",62,80,104,70,98,146
"Gene_3735",52,81,103,54,88,132
"Gene_3736",48,87,101,52,91,112
"Gene_3737",50,72,103,70,92,123
"Gene_3738",62,84,129,63,97,118
"Gene_3739",58,69,100,71,110,148
"Gene_3740",50,87,96,63,77,132
"Gene_3741",71,79,96,52,89,122
"Gene_3742",51,76,112,69,89,105
"Gene_3743",64,83,92,67,88,117
"Gene_3744",54,75,118,66,84,128
"Gene_3745",71,82,94,60,94,117
"Gene_3746",52,67,118,54,107,104
"Gene_3747",44,82,103,58,106,117
"Gene_3748",62,70,109,62,85,104
"Gene_3749",76,60,88,68,85,132
"Gene_3750",59,81,110,79,100,112
"Gene_3751",59,76,92,58,95,130
"Gene_3752",47,75,86,59,88,99
"Gene_3753",55,76,87,65,100,117
"Gene_3754",64,88,108,58,104,135
"Gene_3755",54,72,108,63,94,122
"Gene_3756",55,75,88,79,115,105
"Gene_3757",55,81,92,59,82,111
"Gene_3758",56,83,101,78,91,134
"Gene_3759",55,82,103,58,127,124
"Gene_3760",56,101,103,66,95,118
"Gene_3761",46,84,99,61,79,166
"Gene_3762",52,73,90,67,101,120
"Gene_3763",59,91,107,57,96,124
"Gene_3764",57,87,95,59,86,108
"Gene_3765",51,69,109,62,121,126
"Gene_3766",50,70,113,53,97,146
"Gene_3767",48,85,83,74,115,105
"Gene_3768",49,99,116,66,101,114
"Gene_3769",52,72,84,61,100,122
"Gene_3770",55,78,95,75,89,129
"Gene_3771",70,71,91,65,91,136
"Gene_3772",56,76,98,67,112,147
"Gene_3773",62,76,99,77,106,117
"Gene_3774",49,69,91,65,97,100
"Gene_3775",50,78,108,58,82,114
"Gene_3776",60,97,78,56,101,126
"Gene_3777",47,77,113,60,85,117
"Gene_3778",57,72,99,80,94,129
"Gene_3779",62,74,126,58,88,144
"Gene_3780",58,74,96,59,100,99
"Gene_3781",55,103,109,57,101,96
"Gene_3782",60,69,110,63,102,112
"Gene_3783",49,60,90,51,96,104
"Gene_3784",62,87,110,75,96,111
"Gene_3785",56,79,121,59,84,123
"Gene_3786",62,83,109,66,89,152
"Gene_3787",58,65,91,69,82,116
"Gene_3788",55,69,118,57,122,117
"Gene_3789",51,96,101,58,73,102
"Gene_3790",62,89,90,68,101,117
"Gene_3791",51,76,104,65,98,117
"Gene_3792",54,79,103,56,90,122
"Gene_3793",53,89,107,64,96,128
"Gene_3794",49,79,116,54,90,144
"Gene_3795",63,85,86,70,88,126
"Gene_3796",57,79,92,58,84,120
"Gene_3797",66,95,99,70,86,110
"Gene_3798",46,76,95,74,98,129
"Gene_3799",50,68,95,53,78,102
"Gene_3800",59,87,95,66,89,138
"Gene_3801",57,80,118,65,91,112
"Gene_3802",66,90,104,53,110,114
"Gene_3803",66,68,112,64,106,124
"Gene_3804",46,82,95,59,112,120
"Gene_3805",57,65,104,61,100,126
"Gene_3806",52,64,126,64,101,118
"Gene_3807",57,66,90,64,79,124
"Gene_3808",58,85,101,50,100,128
"Gene_3809",51,87,104,59,104,117
"Gene_3810",59,97,98,62,83,105
"Gene_3811",61,82,84,59,101,148
"Gene_3812",59,82,155,60,109,134
"Gene_3813",54,91,98,73,97,152
"Gene_3814",50,76,109,68,102,130
"Gene_3815",50,70,92,60,102,136
"Gene_3816",52,82,103,72,100,114
"Gene_3817",52,65,116,55,92,99
"Gene_3818",53,75,95,66,101,158
"Gene_3819",64,70,105,70,106,99
"Gene_3820",50,57,94,71,91,147
"Gene_3821",49,92,117,68,103,110
"Gene_3822",52,78,116,69,67,117
"Gene_3823",53,80,91,74,88,105
"Gene_3824",62,76,103,71,101,108
"Gene_3825",59,87,107,57,95,110
"Gene_3826",62,84,94,65,102,118
"Gene_3827",69,77,105,64,92,124
"Gene_3828",56,86,110,71,101,129
"Gene_3829",62,68,94,74,104,124
"Gene_3830",64,83,103,58,97,114
"Gene_3831",64,65,116,78,113,129
"Gene_3832",73,89,108,74,78,108
"Gene_3833",57,66,101,85,107,126
"Gene_3834",56,87,134,72,108,122
"Gene_3835",57,76,107,66,94,93
"Gene_3836",62,94,81,60,94,122
"Gene_3837",62,77,101,59,92,102
"Gene_3838",57,89,88,58,89,112
"Gene_3839",59,93,109,68,94,116
"Gene_3840",62,76,114,54,112,117
"Gene_3841",46,80,113,62,89,122
"Gene_3842",59,97,118,77,95,117
"Gene_3843",50,79,82,68,89,117
"Gene_3844",66,88,103,69,86,135
"Gene_3845",57,92,105,70,82,110
"Gene_3846",51,99,122,58,94,111
"Gene_3847",55,81,107,75,96,130
"Gene_3848",56,95,117,64,112,110
"Gene_3849",49,83,91,75,98,118
"Gene_3850",55,92,126,71,106,112
"Gene_3851",55,77,107,63,92,122
"Gene_3852",58,86,101,70,100,116
"Gene_3853",55,89,98,52,83,104
"Gene_3854",52,90,109,53,109,111
"Gene_3855",57,84,101,59,106,128
"Gene_3856",59,73,107,59,91,116
"Gene_3857",52,92,112,65,85,112
"Gene_3858",51,84,125,58,91,120
"Gene_3859",62,64,105,64,85,130
"Gene_3860",62,81,136,78,79,134
"Gene_3861",65,74,90,56,82,135
"Gene_3862",55,86,98,68,66,112
"Gene_3863",51,90,88,52,89,110
"Gene_3864",52,65,108,77,107,148
"Gene_3865",55,92,94,58,100,134
"Gene_3866",59,86,99,64,79,120
"Gene_3867",48,84,99,64,80,148
"Gene_3868",61,68,108,62,94,108
"Gene_3869",56,92,101,64,101,120
"Gene_3870",55,85,116,66,88,141
"Gene_3871",52,66,79,78,100,111
"Gene_3872",50,88,103,71,98,166
"Gene_3873",52,65,92,64,101,123
"Gene_3874",50,69,92,66,104,111
"Gene_3875",72,82,99,63,88,148
"Gene_3876",62,68,126,70,98,92
"Gene_3877",55,88,131,64,94,108
"Gene_3878",58,83,99,68,113,118
"Gene_3879",57,83,90,74,94,118
"Gene_3880",64,77,84,77,97,117
"Gene_3881",54,65,100,76,108,114
"Gene_3882",36,104,110,56,84,120
"Gene_3883",55,83,103,58,90,104
"Gene_3884",55,79,121,54,76,123
"Gene_3885",55,83,90,65,97,123
"Gene_3886",66,64,126,77,84,110
"Gene_3887",52,80,82,66,97,134
"Gene_3888",56,86,114,78,96,124
"Gene_3889",46,91,103,62,92,112
"Gene_3890",61,85,101,74,98,123
"Gene_3891",49,88,107,57,95,118
"Gene_3892",48,93,105,69,89,129
"Gene_3893",53,83,99,66,97,98
"Gene_3894",46,79,127,63,90,142
"Gene_3895",56,84,95,66,116,110
"Gene_3896",53,84,113,62,86,126
"Gene_3897",57,81,91,58,88,102
"Gene_3898",55,74,107,55,95,99
"Gene_3899",57,76,110,57,92,123
"Gene_3900",59,74,114,74,77,122
"Gene_3901",60,74,100,65,95,111
"Gene_3902",64,77,91,66,100,99
"Gene_3903",51,82,104,62,86,96
"Gene_3904",46,103,117,77,88,120
"Gene_3905",61,88,109,69,110,124
"Gene_3906",54,83,95,63,73,122
"Gene_3907",59,65,98,58,90,102
"Gene_3908",57,91,99,55,82,126
"Gene_3909",60,90,112,70,97,129
"Gene_3910",62,89,103,63,102,123
"Gene_3911",48,72,104,62,91,128
"Gene_3912",62,69,95,77,83,98
"Gene_3913",53,79,116,63,95,128
"Gene_3914",65,82,86,47,104,130
"Gene_3915",64,84,92,59,86,100
"Gene_3916",55,64,122,68,103,126
"Gene_3917",55,81,91,66,88,118
"Gene_3918",54,85,95,72,110,128
"Gene_3919",55,84,100,60,92,110
"Gene_3920",50,74,110,66,90,120
"Gene_3921",58,79,95,52,91,112
"Gene_3922",50,80,91,68,89,118
"Gene_3923",55,77,79,76,101,135
"Gene_3924",56,84,101,63,92,116
"Gene_3925",55,91,99,60,101,110
"Gene_3926",61,89,104,70,97,128
"Gene_3927",55,72,96,66,114,122
"Gene_3928",57,75,90,62,94,124
"Gene_3929",50,68,98,55,101,132
"Gene_3930",58,83,99,55,103,135
"Gene_3931",50,88,107,51,94,147
"Gene_3932",63,75,108,71,90,106
"Gene_3933",52,87,98,70,114,112
"Gene_3934",52,86,81,64,100,170
"Gene_3935",50,80,100,60,92,116
"Gene_3936",67,75,105,55,110,142
"Gene_3937",41,62,103,66,94,104
"Gene_3938",58,82,131,65,83,118
"Gene_3939",46,73,110,66,89,124
"Gene_3940",59,74,118,57,95,130
"Gene_3941",53,75,118,66,104,120
"Gene_3942",55,73,104,59,100,108
"Gene_3943",55,71,103,58,112,110
"Gene_3944",54,76,83,58,82,122
"Gene_3945",43,75,99,62,101,130
"Gene_3946",50,71,94,54,71,120
"Gene_3947",62,72,98,66,115,102
"Gene_3948",56,77,113,58,97,150
"Gene_3949",59,78,96,56,98,136
"Gene_3950",51,74,107,66,101,120
"Gene_3951",51,75,110,48,97,86
"Gene_3952",60,87,94,64,100,93
"Gene_3953",57,91,109,62,110,135
"Gene_3954",57,86,107,66,109,108
"Gene_3955",54,91,122,73,101,118
"Gene_3956",43,73,84,61,96,120
"Gene_3957",54,74,109,62,89,122
"Gene_3958",62,78,104,69,90,122
"Gene_3959",58,83,109,62,102,124
"Gene_3960",51,68,95,62,103,135
"Gene_3961",57,87,91,68,91,122
"Gene_3962",46,86,109,65,108,118
"Gene_3963",61,85,101,62,97,96
"Gene_3964",57,75,92,71,90,118
"Gene_3965",55,69,99,62,74,116
"Gene_3966",66,57,100,82,92,126
"Gene_3967",40,63,122,74,94,156
"Gene_3968",54,82,104,62,114,92
"Gene_3969",48,79,96,57,88,128
"Gene_3970",62,85,108,62,116,110
"Gene_3971",57,75,107,54,85,132
"Gene_3972",50,77,87,79,85,132
"Gene_3973",57,75,105,74,91,122
"Gene_3974",44,92,109,58,85,117
"Gene_3975",65,96,90,58,95,126
"Gene_3976",55,75,98,70,104,108
"Gene_3977",62,72,120,63,80,120
"Gene_3978",52,56,99,69,118,146
"Gene_3979",50,65,105,63,95,126
"Gene_3980",50,78,90,67,110,93
"Gene_3981",57,85,110,68,84,130
"Gene_3982",66,85,104,67,103,160
"Gene_3983",66,74,105,68,103,129
"Gene_3984",62,84,120,62,98,120
"Gene_3985",48,77,112,53,97,120
"Gene_3986",59,96,96,75,91,140
"Gene_3987",56,78,110,56,100,104
"Gene_3988",53,85,121,65,92,94
"Gene_3989",56,85,110,64,83,129
"Gene_3990",52,77,99,64,103,122
"Gene_3991",51,88,87,65,90,138
"Gene_3992",52,76,100,66,106,118
"Gene_3993",54,76,84,58,98,120
"Gene_3994",57,70,101,83,108,108
"Gene_3995",55,70,118,58,82,106
"Gene_3996",54,80,100,57,83,108
"Gene_3997",63,68,86,55,110,116
"Gene_3998",50,73,107,55,100,126
"Gene_3999",62,67,101,70,88,120
"Gene_4000",61,78,98,74,112,117
"Gene_4001",69,87,98,66,97,129
"Gene_4002",52,79,127,64,92,129
"Gene_4003",53,86,100,77,112,132
"Gene_4004",45,77,104,73,106,117
"Gene_4005",61,94,99,69,95,117
"Gene_4006",63,81,87,59,102,122
"Gene_4007",37,66,124,69,116,116
"Gene_4008",41,86,99,60,98,158
"Gene_4009",51,85,109,76,97,126
"Gene_4010",62,108,108,54,98,129
"Gene_4011",41,66,108,67,110,104
"Gene_4012",56,82,100,62,104,126
"Gene_4013",57,83,125,62,94,132
"Gene_4014",66,89,92,66,100,132
"Gene_4015",50,70,88,56,110,126
"Gene_4016",52,75,95,68,102,130
"Gene_4017",50,92,113,62,80,123
"Gene_4018",51,83,94,66,94,118
"Gene_4019",60,57,96,70,89,120
"Gene_4020",64,91,140,55,97,150
"Gene_4021",62,70,113,70,97,136
"Gene_4022",62,82,90,58,94,108
"Gene_4023",49,92,122,66,96,104
"Gene_4024",60,87,92,70,104,100
"Gene_4025",63,80,112,75,119,123
"Gene_4026",52,74,86,70,90,130
"Gene_4027",60,85,107,76,100,112
"Gene_4028",66,70,120,43,92,129
"Gene_4029",59,92,87,59,85,135
"Gene_4030",55,62,110,61,85,106
"Gene_4031",62,84,112,62,101,148
"Gene_4032",46,78,117,63,97,156
"Gene_4033",64,71,98,69,110,112
"Gene_4034",58,72,114,60,97,118
"Gene_4035",57,73,92,70,68,108
"Gene_4036",52,90,92,63,107,122
"Gene_4037",50,72,110,63,83,116
"Gene_4038",69,59,100,62,108,135
"Gene_4039",75,80,100,66,97,134
"Gene_4040",60,94,94,69,103,120
"Gene_4041",65,90,116,66,92,116
"Gene_4042",55,89,117,67,85,118
"Gene_4043",59,70,109,62,98,106
"Gene_4044",57,84,118,71,84,123
"Gene_4045",59,61,98,55,120,104
"Gene_4046",62,71,126,61,103,112
"Gene_4047",69,66,104,59,89,132
"Gene_4048",52,84,114,62,104,123
"Gene_4049",66,76,96,58,109,114
"Gene_4050",55,64,104,53,92,104
"Gene_4051",64,96,114,70,102,102
"Gene_4052",57,79,95,68,101,118
"Gene_4053",52,84,112,62,94,141
"Gene_4054",53,75,96,76,112,129
"Gene_4055",65,76,101,64,94,112
"Gene_4056",62,78,91,54,91,120
"Gene_4057",57,85,113,71,77,108
"Gene_4058",59,63,99,65,96,120
"Gene_4059",57,75,112,61,74,114
"Gene_4060",53,83,103,74,96,114
"Gene_4061",63,72,100,62,91,132
"Gene_4062",54,67,95,50,94,135
"Gene_4063",59,94,109,71,97,98
"Gene_4064",55,74,82,57,102,114
"Gene_4065",48,70,87,74,103,130
"Gene_4066",59,94,113,63,95,106
"Gene_4067",61,88,103,69,89,120
"Gene_4068",56,75,98,69,83,117
"Gene_4069",55,70,98,62,100,130
"Gene_4070",50,93,109,66,95,118
"Gene_4071",52,85,125,63,96,106
"Gene_4072",48,82,96,64,88,114
"Gene_4073",55,103,87,63,104,117
"Gene_4074",49,90,104,72,82,110
"Gene_4075",62,75,101,80,98,106
"Gene_4076",52,82,113,58,103,108
"Gene_4077",47,81,92,64,88,164
"Gene_4078",62,73,116,58,80,105
"Gene_4079",55,68,96,54,100,111
"Gene_4080",49,67,101,63,88,114
"Gene_4081",49,92,95,64,110,118
"Gene_4082",60,77,125,64,115,122
"Gene_4083",58,84,100,62,108,102
"Gene_4084",59,56,88,62,97,140
"Gene_4085",66,81,81,57,94,111
"Gene_4086",55,62,95,81,95,122
"Gene_4087",59,77,125,45,89,110
"Gene_4088",58,84,94,60,102,135
"Gene_4089",56,74,95,74,89,102
"Gene_4090",54,73,99,82,104,136
"Gene_4091",57,96,107,64,94,117
"Gene_4092",57,73,94,58,85,123
"Gene_4093",41,70,92,56,110,116
"Gene_4094",59,88,100,61,90,136
"Gene_4095",59,76,118,55,106,122
"Gene_4096",52,90,103,60,97,135
"Gene_4097",56,82,108,73,91,124
"Gene_4098",55,76,117,62,91,122
"Gene_4099",57,95,88,66,85,116
"Gene_4100",48,75,101,74,89,129
"Gene_4101",67,87,100,61,106,126
"Gene_4102",48,80,109,50,72,116
"Gene_4103",57,89,109,63,103,126
"Gene_4104",54,94,86,64,110,108
"Gene_4105",52,78,100,58,102,110
"Gene_4106",57,75,98,61,113,122
"Gene_4107",68,85,129,63,103,75
"Gene_4108",54,84,116,58,109,116
"Gene_4109",53,71,104,57,113,120
"Gene_4110",54,86,104,50,83,102
"Gene_4111",57,83,118,66,109,112
"Gene_4112",68,94,90,55,95,134
"Gene_4113",59,88,96,67,114,130
"Gene_4114",51,84,83,68,106,123
"Gene_4115",45,62,90,70,85,100
"Gene_4116",62,84,96,70,96,106
"Gene_4117",58,84,103,70,88,117
"Gene_4118",60,72,116,70,100,120
"Gene_4119",61,82,95,71,106,117
"Gene_4120",59,76,96,62,90,117
"Gene_4121",54,62,98,62,107,94
"Gene_4122",54,91,112,65,84,100
"Gene_4123",52,94,112,58,115,132
"Gene_4124",52,77,104,64,101,104
"Gene_4125",46,76,114,57,77,134
"Gene_4126",50,77,117,77,101,104
"Gene_4127",55,80,134,66,133,102
"Gene_4128",67,74,108,58,83,144
"Gene_4129",55,77,126,67,104,110
"Gene_4130",59,83,99,63,110,104
"Gene_4131",59,73,108,57,109,159
"Gene_4132",61,74,99,64,83,118
"Gene_4133",58,74,103,53,77,144
"Gene_4134",55,76,120,76,91,132
"Gene_4135",59,85,84,78,83,122
"Gene_4136",57,96,98,74,114,112
"Gene_4137",57,85,107,70,115,116
"Gene_4138",60,79,110,61,89,134
"Gene_4139",60,68,91,58,101,104
"Gene_4140",55,73,103,79,100,108
"Gene_4141",53,91,95,58,96,111
"Gene_4142",48,98,122,61,98,108
"Gene_4143",53,71,81,64,90,108
"Gene_4144",52,95,90,56,72,132
"Gene_4145",58,77,108,64,96,128
"Gene_4146",48,88,94,73,98,128
"Gene_4147",57,87,117,60,97,114
"Gene_4148",58,79,91,70,96,130
"Gene_4149",55,72,124,60,91,120
"Gene_4150",50,80,101,64,100,106
"Gene_4151",46,69,122,65,96,135
"Gene_4152",47,87,84,61,92,130
"Gene_4153",57,87,105,60,98,98
"Gene_4154",55,83,110,70,109,112
"Gene_4155",58,74,104,58,90,110
"Gene_4156",51,77,117,76,97,98
"Gene_4157",59,70,96,70,96,118
"Gene_4158",57,91,84,60,84,116
"Gene_4159",51,87,88,58,83,136
"Gene_4160",58,82,90,58,112,118
"Gene_4161",50,68,96,64,74,120
"Gene_4162",59,67,108,58,91,118
"Gene_4163",49,85,88,61,95,106
"Gene_4164",57,87,83,66,88,116
"Gene_4165",59,81,99,68,97,117
"Gene_4166",67,85,114,70,92,134
"Gene_4167",50,80,130,68,79,134
"Gene_4168",62,89,104,66,94,124
"Gene_4169",67,85,113,69,91,117
"Gene_4170",70,85,118,55,119,140
"Gene_4171",48,86,98,69,97,105
"Gene_4172",53,77,117,66,104,90
"Gene_4173",59,76,114,56,114,159
"Gene_4174",55,83,83,61,88,102
"Gene_4175",64,71,105,70,86,111
"Gene_4176",52,83,101,64,106,102
"Gene_4177",52,80,96,57,97,112
"Gene_4178",61,93,101,67,119,99
"Gene_4179",66,96,109,64,83,98
"Gene_4180",55,103,94,61,95,106
"Gene_4181",51,85,75,69,100,105
"Gene_4182",52,85,112,58,78,116
"Gene_4183",62,81,79,58,89,134
"Gene_4184",49,80,103,75,83,135
"Gene_4185",56,83,138,50,84,128
"Gene_4186",64,76,108,65,109,112
"Gene_4187",52,78,114,55,113,136
"Gene_4188",62,73,120,62,92,111
"Gene_4189",64,82,109,68,118,129
"Gene_4190",41,87,99,74,104,112
"Gene_4191",57,69,96,58,103,128
"Gene_4192",52,64,98,52,110,92
"Gene_4193",56,78,124,70,108,108
"Gene_4194",53,92,105,68,112,114
"Gene_4195",56,89,90,78,108,136
"Gene_4196",64,87,98,71,114,120
"Gene_4197",62,97,103,68,80,112
"Gene_4198",52,95,105,65,113,110
"Gene_4199",55,77,98,75,113,111
"Gene_4200",57,67,96,74,101,111
"Gene_4201",55,81,101,63,116,94
"Gene_4202",49,89,122,71,103,116
"Gene_4203",55,76,116,60,112,105
"Gene_4204",62,56,101,70,89,124
"Gene_4205",57,81,104,65,95,81
"Gene_4206",48,64,82,53,86,92
"Gene_4207",50,71,101,62,104,134
"Gene_4208",62,66,95,62,98,114
"Gene_4209",76,82,107,71,95,146
"Gene_4210",57,79,96,64,94,120
"Gene_4211",60,84,118,63,86,104
"Gene_4212",68,75,91,62,91,102
"Gene_4213",50,88,108,72,89,112
"Gene_4214",50,75,101,79,91,116
"Gene_4215",38,69,120,63,97,118
"Gene_4216",62,92,120,66,76,111
"Gene_4217",62,87,95,72,94,118
"Gene_4218",55,81,131,57,96,130
"Gene_4219",62,82,95,73,92,128
"Gene_4220",54,76,95,70,124,104
"Gene_4221",59,67,105,62,97,111
"Gene_4222",63,73,100,61,88,123
"Gene_4223",56,70,95,62,114,105
"Gene_4224",60,85,107,63,98,117
"Gene_4225",50,88,114,60,96,105
"Gene_4226",50,78,99,53,86,153
"Gene_4227",57,88,131,68,74,118
"Gene_4228",56,88,94,58,94,114
"Gene_4229",59,83,114,62,113,122
"Gene_4230",59,68,96,56,83,90
"Gene_4231",61,96,114,74,95,114
"Gene_4232",61,93,114,63,89,135
"Gene_4233",65,75,118,79,97,117
"Gene_4234",60,65,105,50,113,120
"Gene_4235",55,72,116,58,110,116
"Gene_4236",43,81,92,70,106,110
"Gene_4237",58,86,94,62,108,140
"Gene_4238",64,84,104,78,108,117
"Gene_4239",56,76,98,66,92,124
"Gene_4240",57,65,130,70,102,106
"Gene_4241",47,79,116,78,100,112
"Gene_4242",50,76,108,67,97,117
"Gene_4243",68,71,83,62,98,132
"Gene_4244",53,88,135,62,94,99
"Gene_4245",60,86,131,69,94,102
"Gene_4246",59,92,105,60,100,112
"Gene_4247",56,87,96,63,86,124
"Gene_4248",50,105,107,58,79,130
"Gene_4249",59,75,118,62,97,110
"Gene_4250",52,87,109,71,83,105
"Gene_4251",60,78,103,58,76,116
"Gene_4252",61,93,101,66,97,129
"Gene_4253",55,89,87,82,97,117
"Gene_4254",57,66,104,77,102,112
"Gene_4255",53,95,98,74,89,123
"Gene_4256",55,86,104,66,86,108
"Gene_4257",62,84,99,73,84,141
"Gene_4258",52,74,105,62,106,130
"Gene_4259",63,77,104,70,85,96
"Gene_4260",59,84,78,61,92,138
"Gene_4261",65,73,100,54,94,102
"Gene_4262",55,70,108,62,94,122
"Gene_4263",43,95,95,69,94,112
"Gene_4264",51,87,99,63,94,126
"Gene_4265",62,83,96,70,98,147
"Gene_4266",59,70,113,59,90,104
"Gene_4267",66,90,107,71,91,98
"Gene_4268",54,77,108,70,95,128
"Gene_4269",65,78,103,62,97,117
"Gene_4270",52,79,100,70,102,110
"Gene_4271",58,96,109,61,98,135
"Gene_4272",50,94,104,68,98,156
"Gene_4273",57,70,103,58,89,122
"Gene_4274",60,91,109,67,109,122
"Gene_4275",55,64,107,70,77,114
"Gene_4276",62,82,108,58,108,104
"Gene_4277",59,80,98,62,89,120
"Gene_4278",55,81,105,56,92,122
"Gene_4279",55,95,105,67,84,100
"Gene_4280",48,79,101,74,107,138
"Gene_4281",62,88,103,58,107,136
"Gene_4282",70,75,120,60,68,112
"Gene_4283",55,78,95,75,101,117
"Gene_4284",57,74,107,68,95,120
"Gene_4285",61,73,104,72,107,141
"Gene_4286",66,74,101,69,91,126
"Gene_4287",57,78,110,74,102,106
"Gene_4288",55,87,103,59,106,128
"Gene_4289",56,72,112,69,103,124
"Gene_4290",57,81,88,57,110,102
"Gene_4291",58,88,94,69,92,117
"Gene_4292",51,71,104,68,98,123
"Gene_4293",73,91,110,61,86,110
"Gene_4294",55,67,131,67,94,138
"Gene_4295",55,89,105,62,103,110
"Gene_4296",57,82,108,70,80,130
"Gene_4297",48,72,103,54,96,123
"Gene_4298",50,86,117,68,95,144
"Gene_4299",53,95,83,58,113,140
"Gene_4300",49,85,133,60,98,100
"Gene_4301",60,88,88,70,103,126
"Gene_4302",46,101,96,62,76,111
"Gene_4303",46,84,129,70,92,124
"Gene_4304",66,76,99,61,85,123
"Gene_4305",50,74,105,54,94,108
"Gene_4306",53,109,94,66,102,118
"Gene_4307",55,84,100,58,103,117
"Gene_4308",60,90,109,53,95,130
"Gene_4309",55,74,112,72,92,102
"Gene_4310",52,68,108,73,109,108
"Gene_4311",59,85,98,56,97,135
"Gene_4312",55,78,116,64,96,124
"Gene_4313",57,84,86,58,85,123
"Gene_4314",52,74,99,64,102,123
"Gene_4315",66,85,100,58,108,114
"Gene_4316",48,90,120,72,109,118
"Gene_4317",50,84,95,58,102,129
"Gene_4318",46,91,107,56,104,122
"Gene_4319",56,71,113,76,110,140
"Gene_4320",52,95,110,54,84,129
"Gene_4321",60,70,116,69,119,114
"Gene_4322",52,76,120,78,83,122
"Gene_4323",60,98,86,72,91,122
"Gene_4324",70,83,120,70,89,117
"Gene_4325",47,83,100,58,84,102
"Gene_4326",48,92,103,58,107,102
"Gene_4327",66,90,105,72,114,122
"Gene_4328",49,79,108,59,97,129
"Gene_4329",70,85,82,59,101,118
"Gene_4330",59,85,117,58,100,112
"Gene_4331",55,85,122,61,84,110
"Gene_4332",52,79,107,60,85,100
"Gene_4333",44,74,112,58,90,117
"Gene_4334",49,81,103,72,100,116
"Gene_4335",60,79,81,78,119,102
"Gene_4336",64,81,105,64,80,118
"Gene_4337",43,80,99,50,94,114
"Gene_4338",57,67,104,74,91,135
"Gene_4339",59,88,108,61,109,126
"Gene_4340",52,99,90,55,112,105
"Gene_4341",58,91,103,63,98,126
"Gene_4342",55,75,113,75,101,130
"Gene_4343",53,91,129,74,82,156
"Gene_4344",59,72,120,64,95,124
"Gene_4345",53,88,103,70,110,130
"Gene_4346",58,77,99,53,108,114
"Gene_4347",62,93,99,59,100,105
"Gene_4348",56,91,104,68,83,117
"Gene_4349",65,82,78,50,106,130
"Gene_4350",50,78,91,72,90,123
"Gene_4351",60,75,95,50,100,140
"Gene_4352",57,89,92,65,103,122
"Gene_4353",59,66,84,60,91,88
"Gene_4354",60,67,88,68,109,124
"Gene_4355",51,69,90,70,108,142
"Gene_4356",59,72,104,70,84,88
"Gene_4357",52,90,109,62,84,129
"Gene_4358",62,100,130,68,101,128
"Gene_4359",46,69,110,47,98,117
"Gene_4360",59,86,126,74,113,117
"Gene_4361",59,90,120,74,114,130
"Gene_4362",48,98,100,72,91,92
"Gene_4363",64,84,112,54,89,128
"Gene_4364",47,66,81,67,92,116
"Gene_4365",52,79,104,57,95,123
"Gene_4366",55,87,112,75,126,122
"Gene_4367",56,73,91,65,103,135
"Gene_4368",57,78,103,70,80,123
"Gene_4369",54,71,87,74,106,141
"Gene_4370",54,84,99,52,98,124
"Gene_4371",48,80,94,58,82,130
"Gene_4372",55,84,109,66,94,102
"Gene_4373",58,73,108,61,89,112
"Gene_4374",57,68,110,75,96,110
"Gene_4375",52,84,88,73,96,120
"Gene_4376",56,82,129,54,114,150
"Gene_4377",46,73,101,58,78,152
"Gene_4378",55,76,99,59,106,123
"Gene_4379",71,73,117,67,82,106
"Gene_4380",59,79,87,66,108,120
"Gene_4381",60,73,114,72,101,102
"Gene_4382",64,80,105,64,116,86
"Gene_4383",54,79,96,59,102,136
"Gene_4384",59,76,86,65,86,122
"Gene_4385",50,74,94,61,103,144
"Gene_4386",48,71,104,58,91,96
"Gene_4387",60,102,105,58,104,123
"Gene_4388",65,82,117,57,116,87
"Gene_4389",48,73,112,65,100,117
"Gene_4390",54,70,124,65,86,120
"Gene_4391",67,73,107,70,90,122
"Gene_4392",52,94,117,60,85,120
"Gene_4393",57,75,86,70,88,122
"Gene_4394",62,86,104,66,95,129
"Gene_4395",49,80,101,70,94,123
"Gene_4396",57,93,122,70,98,123
"Gene_4397",53,66,90,72,84,117
"Gene_4398",64,97,91,58,97,123
"Gene_4399",52,83,108,57,96,141
"Gene_4400",56,75,94,60,94,120
"Gene_4401",57,83,105,54,106,116
"Gene_4402",62,72,94,58,97,112
"Gene_4403",51,84,101,54,83,135
"Gene_4404",55,100,104,77,94,116
"Gene_4405",63,70,92,70,86,124
"Gene_4406",54,73,107,76,97,132
"Gene_4407",56,87,98,73,89,140
"Gene_4408",59,87,98,59,94,117
"Gene_4409",59,91,100,54,106,124
"Gene_4410",47,82,117,66,80,118
"Gene_4411",55,88,99,66,89,130
"Gene_4412",70,75,84,70,74,104
"Gene_4413",57,70,103,57,101,90
"Gene_4414",61,72,103,62,103,102
"Gene_4415",50,86,104,66,101,90
"Gene_4416",47,69,121,64,88,150
"Gene_4417",54,64,109,60,95,114
"Gene_4418",70,86,94,66,97,117
"Gene_4419",51,80,75,71,90,105
"Gene_4420",70,77,103,44,97,136
"Gene_4421",53,82,100,61,94,114
"Gene_4422",55,64,116,70,92,140
"Gene_4423",60,95,135,55,102,118
"Gene_4424",60,69,126,62,95,123
"Gene_4425",57,75,108,62,103,100
"Gene_4426",63,70,101,49,106,111
"Gene_4427",55,78,126,59,104,122
"Gene_4428",58,76,110,54,103,114
"Gene_4429",64,63,96,66,77,99
"Gene_4430",71,74,94,62,101,140
"Gene_4431",52,83,100,82,91,120
"Gene_4432",54,68,124,70,95,106
"Gene_4433",63,70,105,74,100,136
"Gene_4434",56,71,95,66,94,120
"Gene_4435",50,83,87,54,103,94
"Gene_4436",69,68,114,70,78,98
"Gene_4437",49,67,109,69,88,108
"Gene_4438",63,77,100,63,78,128
"Gene_4439",43,69,107,67,96,118
"Gene_4440",56,72,95,77,107,118
"Gene_4441",61,79,94,61,86,136
"Gene_4442",55,71,98,61,94,135
"Gene_4443",69,66,99,68,76,126
"Gene_4444",45,71,110,65,102,120
"Gene_4445",71,85,99,58,102,118
"Gene_4446",67,78,99,60,108,117
"Gene_4447",66,69,94,63,97,112
"Gene_4448",66,76,86,54,86,132
"Gene_4449",62,75,117,54,101,117
"Gene_4450",52,78,95,58,110,106
"Gene_4451",57,68,94,64,101,104
"Gene_4452",47,74,107,57,100,116
"Gene_4453",50,85,118,61,109,126
"Gene_4454",54,84,113,65,92,123
"Gene_4455",59,69,124,67,97,104
"Gene_4456",57,82,90,66,79,129
"Gene_4457",55,79,103,67,96,153
"Gene_4458",62,85,101,50,80,132
"Gene_4459",61,71,107,55,104,136
"Gene_4460",50,92,105,74,86,114
"Gene_4461",55,79,120,54,94,141
"Gene_4462",55,83,104,69,94,140
"Gene_4463",56,88,100,56,92,104
"Gene_4464",48,83,84,56,109,110
"Gene_4465",59,62,91,46,85,126
"Gene_4466",60,87,116,54,106,120
"Gene_4467",61,71,92,66,104,111
"Gene_4468",55,72,113,54,97,146
"Gene_4469",49,76,131,74,98,122
"Gene_4470",55,78,105,69,95,98
"Gene_4471",55,93,104,59,121,120
"Gene_4472",64,96,109,56,96,120
"Gene_4473",54,66,113,62,91,130
"Gene_4474",48,69,96,62,86,110
"Gene_4475",52,77,112,59,89,122
"Gene_4476",55,64,100,62,101,136
"Gene_4477",55,75,117,58,89,136
"Gene_4478",61,79,110,64,102,117
"Gene_4479",55,77,112,60,89,114
"Gene_4480",51,71,113,62,100,135
"Gene_4481",50,111,87,57,88,116
"Gene_4482",53,70,105,68,103,140
"Gene_4483",56,66,105,66,120,138
"Gene_4484",62,80,86,81,83,130
"Gene_4485",55,89,124,81,108,117
"Gene_4486",56,71,96,63,101,117
"Gene_4487",58,80,86,52,91,136
"Gene_4488",66,85,99,54,103,126
"Gene_4489",50,78,122,65,92,120
"Gene_4490",55,94,101,54,80,118
"Gene_4491",56,75,86,61,97,123
"Gene_4492",49,87,109,66,119,114
"Gene_4493",55,77,103,59,95,124
"Gene_4494",60,91,99,52,73,135
"Gene_4495",55,61,95,60,88,123
"Gene_4496",56,69,70,76,86,120
"Gene_4497",48,76,113,63,89,102
"Gene_4498",56,78,120,67,89,123
"Gene_4499",46,88,98,62,104,104
"Gene_4500",53,87,72,75,103,120
"Gene_4501",65,92,109,54,96,98
"Gene_4502",56,80,127,62,103,120
"Gene_4503",67,78,124,71,106,136
"Gene_4504",57,80,124,64,97,102
"Gene_4505",55,86,101,74,97,105
"Gene_4506",62,89,121,65,98,98
"Gene_4507",59,78,92,64,74,128
"Gene_4508",52,81,103,65,103,128
"Gene_4509",57,86,91,55,115,117
"Gene_4510",55,65,120,59,80,105
"Gene_4511",56,69,98,70,101,99
"Gene_4512",64,68,116,73,102,111
"Gene_4513",58,83,104,70,79,112
"Gene_4514",49,88,112,66,102,153
"Gene_4515",57,83,107,63,89,130
"Gene_4516",50,81,109,56,110,132
"Gene_4517",54,60,101,64,116,135
"Gene_4518",63,75,116,52,94,114
"Gene_4519",46,67,101,62,89,117
"Gene_4520",55,74,116,73,112,129
"Gene_4521",62,82,109,74,97,108
"Gene_4522",53,95,91,58,95,90
"Gene_4523",50,88,131,62,70,129
"Gene_4524",66,74,118,67,82,140
"Gene_4525",50,86,91,70,84,98
"Gene_4526",51,71,117,70,112,153
"Gene_4527",59,79,116,66,85,106
"Gene_4528",51,90,114,74,108,148
"Gene_4529",63,76,104,74,103,117
"Gene_4530",59,68,104,74,82,123
"Gene_4531",53,86,105,53,118,138
"Gene_4532",56,72,94,54,91,112
"Gene_4533",57,83,91,63,108,110
"Gene_4534",56,75,103,71,92,112
"Gene_4535",61,71,110,67,101,118
"Gene_4536",71,84,105,80,119,106
"Gene_4537",58,93,131,66,91,108
"Gene_4538",66,82,96,65,104,118
"Gene_4539",62,80,121,69,84,118
"Gene_4540",55,63,84,70,97,108
"Gene_4541",50,80,101,70,104,114
"Gene_4542",57,64,101,66,91,126
"Gene_4543",58,75,107,61,90,123
"Gene_4544",63,91,91,67,104,110
"Gene_4545",50,75,116,63,96,129
"Gene_4546",53,100,104,53,102,135
"Gene_4547",46,73,83,70,98,105
"Gene_4548",57,87,91,70,89,132
"Gene_4549",43,67,100,74,112,152
"Gene_4550",59,77,82,63,95,94
"Gene_4551",55,90,112,68,89,106
"Gene_4552",62,91,82,68,102,111
"Gene_4553",64,82,99,66,92,123
"Gene_4554",46,62,103,69,114,106
"Gene_4555",64,83,104,65,89,129
"Gene_4556",52,64,103,66,66,142
"Gene_4557",41,78,108,62,120,122
"Gene_4558",53,79,96,62,100,117
"Gene_4559",53,92,126,69,95,100
"Gene_4560",59,85,92,66,98,111
"Gene_4561",55,70,100,73,85,129
"Gene_4562",65,92,104,69,86,102
"Gene_4563",50,63,110,60,80,124
"Gene_4564",62,84,104,67,100,126
"Gene_4565",52,84,82,54,84,126
"Gene_4566",58,86,100,66,96,117
"Gene_4567",54,77,103,67,103,140
"Gene_4568",52,76,104,69,98,111
"Gene_4569",59,84,116,59,106,128
"Gene_4570",47,61,98,67,89,138
"Gene_4571",59,62,87,57,91,100
"Gene_4572",64,75,96,73,98,102
"Gene_4573",48,81,99,60,88,126
"Gene_4574",58,91,99,62,90,118
"Gene_4575",50,91,112,61,114,126
"Gene_4576",63,72,96,65,82,126
"Gene_4577",59,70,99,68,79,105
"Gene_4578",64,77,92,69,88,123
"Gene_4579",51,74,98,75,95,128
"Gene_4580",55,86,117,52,91,141
"Gene_4581",41,90,130,56,96,122
"Gene_4582",57,83,109,61,94,114
"Gene_4583",57,76,107,54,103,116
"Gene_4584",59,72,100,65,96,117
"Gene_4585",65,93,131,63,97,128
"Gene_4586",56,81,98,60,86,92
"Gene_4587",63,86,105,64,80,104
"Gene_4588",41,82,99,40,77,98
"Gene_4589",59,79,95,74,110,129
"Gene_4590",62,95,100,57,96,136
"Gene_4591",50,86,104,54,91,135
"Gene_4592",52,81,88,64,96,144
"Gene_4593",65,74,104,62,107,128
"Gene_4594",59,85,120,70,83,135
"Gene_4595",58,83,126,63,112,96
"Gene_4596",58,106,91,74,82,110
"Gene_4597",49,73,118,86,92,110
"Gene_4598",64,84,113,50,91,138
"Gene_4599",55,86,98,64,89,129
"Gene_4600",63,87,96,61,103,122
"Gene_4601",48,80,105,66,98,136
"Gene_4602",43,65,103,73,103,106
"Gene_4603",68,74,116,79,124,130
"Gene_4604",64,74,101,65,112,116
"Gene_4605",59,78,109,66,92,110
"Gene_4606",52,76,98,59,86,130
"Gene_4607",48,86,108,69,95,116
"Gene_4608",47,87,117,51,96,114
"Gene_4609",52,85,96,52,103,105
"Gene_4610",55,88,84,58,92,94
"Gene_4611",70,91,130,66,78,144
"Gene_4612",62,75,81,60,91,132
"Gene_4613",52,93,107,68,104,122
"Gene_4614",57,79,96,58,88,152
"Gene_4615",47,83,83,62,101,132
"Gene_4616",69,74,99,59,95,123
"Gene_4617",59,88,116,62,101,111
"Gene_4618",50,75,103,65,85,129
"Gene_4619",57,76,110,73,95,111
"Gene_4620",65,86,100,59,73,130
"Gene_4621",55,76,121,67,94,118
"Gene_4622",49,81,104,61,88,126
"Gene_4623",55,71,98,65,94,123
"Gene_4624",61,75,103,72,115,142
"Gene_4625",58,80,112,59,88,99
"Gene_4626",68,72,109,54,94,94
"Gene_4627",61,72,109,65,91,114
"Gene_4628",55,77,101,63,109,153
"Gene_4629",41,90,125,63,90,122
"Gene_4630",54,85,103,75,94,124
"Gene_4631",54,78,82,78,98,120
"Gene_4632",58,72,104,50,92,116
"Gene_4633",52,66,84,54,95,96
"Gene_4634",49,95,100,51,97,154
"Gene_4635",50,82,121,74,95,108
"Gene_4636",63,75,117,69,100,99
"Gene_4637",62,81,105,58,100,102
"Gene_4638",59,80,92,52,98,96
"Gene_4639",51,76,96,58,94,118
"Gene_4640",60,71,109,58,118,126
"Gene_4641",52,90,108,64,113,112
"Gene_4642",62,77,112,81,106,117
"Gene_4643",55,77,113,68,78,104
"Gene_4644",48,82,117,74,89,141
"Gene_4645",48,113,113,73,84,116
"Gene_4646",59,81,105,54,92,128
"Gene_4647",53,79,120,78,102,108
"Gene_4648",52,81,98,54,91,102
"Gene_4649",59,70,101,62,114,114
"Gene_4650",57,79,108,66,112,93
"Gene_4651",71,82,98,62,86,128
"Gene_4652",61,82,92,53,128,124
"Gene_4653",59,80,112,70,95,102
"Gene_4654",61,86,112,55,90,86
"Gene_4655",65,76,110,75,83,152
"Gene_4656",62,82,108,61,79,116
"Gene_4657",64,69,96,58,104,110
"Gene_4658",53,81,107,61,96,117
"Gene_4659",55,80,98,67,92,144
"Gene_4660",53,101,105,72,103,120
"Gene_4661",66,77,110,71,103,105
"Gene_4662",69,81,101,78,109,120
"Gene_4663",57,87,88,65,101,114
"Gene_4664",60,68,118,58,89,135
"Gene_4665",49,80,100,62,78,147
"Gene_4666",59,73,82,75,92,134
"Gene_4667",48,87,107,61,91,117
"Gene_4668",55,65,100,57,97,120
"Gene_4669",50,90,107,52,104,99
"Gene_4670",46,65,96,54,91,110
"Gene_4671",62,76,88,61,89,142
"Gene_4672",55,77,120,67,74,136
"Gene_4673",66,76,104,62,118,117
"Gene_4674",56,79,96,75,67,126
"Gene_4675",62,72,108,62,107,117
"Gene_4676",51,107,104,61,101,126
"Gene_4677",60,92,96,70,98,140
"Gene_4678",55,93,126,67,89,130
"Gene_4679",60,73,114,54,102,118
"Gene_4680",60,92,91,68,78,126
"Gene_4681",59,79,100,58,100,122
"Gene_4682",50,55,110,61,90,130
"Gene_4683",60,74,84,53,85,140
"Gene_4684",69,79,107,57,88,120
"Gene_4685",57,79,108,67,88,116
"Gene_4686",46,87,120,66,89,150
"Gene_4687",57,84,91,66,106,117
"Gene_4688",60,77,109,65,88,123
"Gene_4689",62,69,95,59,94,126
"Gene_4690",48,78,116,61,95,126
"Gene_4691",46,84,118,66,102,135
"Gene_4692",78,79,116,68,108,120
"Gene_4693",48,87,109,54,91,126
"Gene_4694",61,92,118,71,80,132
"Gene_4695",63,83,101,67,102,118
"Gene_4696",62,78,124,74,94,153
"Gene_4697",55,75,109,60,96,152
"Gene_4698",55,94,103,71,116,124
"Gene_4699",57,82,98,57,88,105
"Gene_4700",69,78,110,58,96,118
"Gene_4701",46,79,118,55,104,117
"Gene_4702",64,74,81,58,106,104
"Gene_4703",59,85,107,62,102,110
"Gene_4704",52,85,92,73,71,140
"Gene_4705",51,62,103,64,96,106
"Gene_4706",54,77,116,67,83,100
"Gene_4707",55,71,129,62,116,122
"Gene_4708",43,85,101,66,116,140
"Gene_4709",62,98,92,55,91,96
"Gene_4710",59,89,114,59,91,117
"Gene_4711",66,85,104,58,97,136
"Gene_4712",59,86,88,69,100,120
"Gene_4713",57,67,95,50,102,111
"Gene_4714",61,84,98,75,92,117
"Gene_4715",55,67,98,61,112,123
"Gene_4716",60,90,91,74,104,114
"Gene_4717",68,84,109,69,89,110
"Gene_4718",55,68,114,59,86,126
"Gene_4719",62,83,120,54,88,122
"Gene_4720",56,76,118,71,116,124
"Gene_4721",51,75,108,61,77,108
"Gene_4722",63,75,105,69,88,126
"Gene_4723",66,84,98,68,89,126
"Gene_4724",52,86,100,61,98,128
"Gene_4725",44,63,95,60,97,142
"Gene_4726",52,71,112,70,95,128
"Gene_4727",55,73,105,71,110,122
"Gene_4728",57,88,87,54,107,94
"Gene_4729",67,89,92,66,114,134
"Gene_4730",43,81,100,66,95,120
"Gene_4731",64,79,127,63,90,128
"Gene_4732",44,77,94,84,84,126
"Gene_4733",52,84,136,77,79,114
"Gene_4734",53,80,98,66,95,129
"Gene_4735",52,92,98,66,98,132
"Gene_4736",56,70,94,62,94,124
"Gene_4737",49,94,95,49,90,122
"Gene_4738",55,77,99,62,84,108
"Gene_4739",59,68,108,67,119,128
"Gene_4740",55,69,103,58,110,130
"Gene_4741",64,84,95,55,86,118
"Gene_4742",48,87,105,55,103,144
"Gene_4743",55,80,107,67,94,116
"Gene_4744",47,76,96,74,91,99
"Gene_4745",55,77,87,64,95,130
"Gene_4746",52,86,104,54,94,100
"Gene_4747",64,71,109,61,95,146
"Gene_4748",62,74,88,71,77,90
"Gene_4749",64,69,101,78,108,116
"Gene_4750",61,89,112,60,101,132
"Gene_4751",42,66,104,70,89,118
"Gene_4752",48,75,107,64,95,128
"Gene_4753",48,61,100,46,110,118
"Gene_4754",39,81,100,70,107,111
"Gene_4755",58,68,100,70,101,134
"Gene_4756",48,78,91,61,103,92
"Gene_4757",39,73,98,62,88,126
"Gene_4758",62,75,98,62,82,135
"Gene_4759",64,79,95,66,119,108
"Gene_4760",50,88,104,56,89,123
"Gene_4761",46,79,105,74,107,130
"Gene_4762",58,85,99,54,101,102
"Gene_4763",55,78,98,71,91,96
"Gene_4764",70,79,100,54,94,120
"Gene_4765",54,83,127,58,109,124
"Gene_4766",50,83,92,56,98,102
"Gene_4767",57,82,77,71,91,100
"Gene_4768",50,77,124,56,78,105
"Gene_4769",55,86,116,58,95,132
"Gene_4770",57,81,92,63,90,117
"Gene_4771",62,87,99,64,102,116
"Gene_4772",57,82,88,64,85,128
"Gene_4773",48,79,114,72,106,123
"Gene_4774",61,75,79,66,113,110
"Gene_4775",55,83,110,46,104,92
"Gene_4776",56,85,79,60,95,135
"Gene_4777",51,79,104,68,86,140
"Gene_4778",50,87,108,70,76,117
"Gene_4779",50,94,122,70,113,100
"Gene_4780",52,62,107,51,102,138
"Gene_4781",58,85,125,74,102,126
"Gene_4782",47,68,98,65,97,134
"Gene_4783",59,92,120,78,96,123
"Gene_4784",52,77,82,62,121,108
"Gene_4785",46,68,110,64,92,118
"Gene_4786",64,83,108,72,102,122
"Gene_4787",64,84,87,60,92,122
"Gene_4788",64,81,108,68,101,105
"Gene_4789",59,81,99,68,82,146
"Gene_4790",42,88,86,62,106,104
"Gene_4791",57,88,112,59,92,104
"Gene_4792",53,66,87,54,101,128
"Gene_4793",43,78,118,56,100,134
"Gene_4794",48,78,108,62,92,114
"Gene_4795",52,64,105,68,107,112
"Gene_4796",55,76,105,62,95,108
"Gene_4797",54,82,117,69,104,117
"Gene_4798",47,87,96,70,85,126
"Gene_4799",56,73,124,66,92,120
"Gene_4800",59,78,100,62,98,118
"Gene_4801",55,84,96,62,94,124
"Gene_4802",50,98,104,72,86,116
"Gene_4803",58,84,94,58,114,117
"Gene_4804",57,72,98,70,94,112
"Gene_4805",45,76,108,66,104,126
"Gene_4806",58,76,104,60,103,136
"Gene_4807",60,72,108,71,86,118
"Gene_4808",58,87,96,58,70,94
"Gene_4809",64,77,95,62,94,116
"Gene_4810",48,77,104,66,95,102
"Gene_4811",66,86,96,57,103,100
"Gene_4812",51,77,90,59,91,108
"Gene_4813",48,72,88,66,100,124
"Gene_4814",61,76,116,68,80,104
"Gene_4815",59,82,107,66,102,98
"Gene_4816",52,70,104,74,95,111
"Gene_4817",61,76,92,66,98,129
"Gene_4818",46,72,91,74,95,126
"Gene_4819",62,98,94,74,112,138
"Gene_4820",47,75,92,62,80,112
"Gene_4821",60,89,118,58,96,129
"Gene_4822",66,71,105,72,95,105
"Gene_4823",57,75,108,51,101,134
"Gene_4824",51,80,114,69,80,128
"Gene_4825",62,80,118,70,97,124
"Gene_4826",69,68,81,66,118,110
"Gene_4827",48,87,86,66,97,120
"Gene_4828",57,80,92,46,98,122
"Gene_4829",50,79,110,73,102,120
"Gene_4830",60,76,113,62,101,105
"Gene_4831",49,72,117,71,88,135
"Gene_4832",59,81,104,62,107,112
"Gene_4833",60,71,101,42,77,135
"Gene_4834",57,90,108,53,98,88
"Gene_4835",41,79,117,64,90,108
"Gene_4836",52,83,113,57,118,130
"Gene_4837",54,84,100,65,84,104
"Gene_4838",55,82,95,68,92,124
"Gene_4839",61,82,118,72,77,136
"Gene_4840",57,89,117,83,74,118
"Gene_4841",58,82,98,60,88,118
"Gene_4842",47,75,99,61,95,116
"Gene_4843",66,76,116,78,91,114
"Gene_4844",57,78,94,60,106,87
"Gene_4845",57,83,126,66,125,130
"Gene_4846",66,91,114,69,103,111
"Gene_4847",54,77,95,53,106,86
"Gene_4848",45,79,110,64,110,140
"Gene_4849",61,75,117,61,89,100
"Gene_4850",47,64,91,66,79,123
"Gene_4851",50,84,96,62,101,120
"Gene_4852",64,87,98,56,102,116
"Gene_4853",55,86,121,51,103,114
"Gene_4854",41,90,110,63,96,142
"Gene_4855",47,78,105,66,97,120
"Gene_4856",60,85,125,46,90,126
"Gene_4857",45,70,108,66,74,120
"Gene_4858",57,81,104,58,90,140
"Gene_4859",55,89,103,57,91,112
"Gene_4860",52,91,113,58,100,114
"Gene_4861",62,80,101,51,92,117
"Gene_4862",47,69,120,71,104,171
"Gene_4863",54,69,96,64,112,94
"Gene_4864",63,76,124,66,118,124
"Gene_4865",50,78,107,66,89,124
"Gene_4866",60,64,86,54,95,98
"Gene_4867",70,64,83,67,104,123
"Gene_4868",46,78,117,64,82,102
"Gene_4869",41,94,81,57,113,114
"Gene_4870",54,68,107,65,96,122
"Gene_4871",61,97,96,68,86,129
"Gene_4872",51,74,96,68,78,128
"Gene_4873",71,77,110,70,108,100
"Gene_4874",57,84,99,70,70,118
"Gene_4875",62,94,95,67,92,130
"Gene_4876",50,89,82,70,91,117
"Gene_4877",56,72,108,59,104,126
"Gene_4878",66,82,110,61,77,112
"Gene_4879",52,71,86,67,91,146
"Gene_4880",59,82,104,66,85,128
"Gene_4881",53,74,118,69,96,126
"Gene_4882",54,78,113,78,100,123
"Gene_4883",46,64,120,75,110,99
"Gene_4884",63,99,110,68,101,132
"Gene_4885",51,73,114,69,90,111
"Gene_4886",57,76,90,68,97,135
"Gene_4887",43,77,83,66,89,134
"Gene_4888",68,82,88,56,101,114
"Gene_4889",55,66,120,61,80,138
"Gene_4890",55,92,98,53,100,126
"Gene_4891",59,95,116,73,94,112
"Gene_4892",48,82,109,60,90,100
"Gene_4893",57,80,95,65,91,148
"Gene_4894",48,77,99,61,92,110
"Gene_4895",58,80,84,51,83,104
"Gene_4896",55,85,108,61,107,128
"Gene_4897",55,73,95,74,100,123
"Gene_4898",55,83,104,62,85,124
"Gene_4899",65,77,84,69,77,132
"Gene_4900",52,76,95,61,85,111
"Gene_4901",49,83,118,58,84,110
"Gene_4902",54,87,88,78,94,102
"Gene_4903",66,69,96,70,88,111
"Gene_4904",48,86,110,65,97,111
"Gene_4905",62,74,86,70,113,120
"Gene_4906",51,79,120,65,92,117
"Gene_4907",50,103,94,61,104,134
"Gene_4908",52,90,94,59,103,116
"Gene_4909",57,78,104,79,74,132
"Gene_4910",62,65,95,74,98,124
"Gene_4911",63,83,94,64,106,141
"Gene_4912",59,81,103,77,98,104
"Gene_4913",59,82,88,66,94,118
"Gene_4914",55,68,103,60,85,122
"Gene_4915",52,70,107,57,91,106
"Gene_4916",62,83,98,62,79,128
"Gene_4917",48,87,92,68,95,108
"Gene_4918",63,59,92,56,85,140
"Gene_4919",55,88,104,71,88,124
"Gene_4920",52,95,100,62,92,146
"Gene_4921",52,77,108,51,113,117
"Gene_4922",62,79,134,54,97,132
"Gene_4923",59,78,99,80,97,114
"Gene_4924",62,80,104,80,100,138
"Gene_4925",59,93,98,80,89,140
"Gene_4926",55,78,105,59,80,126
"Gene_4927",55,81,95,56,115,112
"Gene_4928",52,73,99,60,107,120
"Gene_4929",52,78,147,58,104,116
"Gene_4930",59,90,101,66,88,110
"Gene_4931",58,67,104,83,112,129
"Gene_4932",53,87,105,59,100,134
"Gene_4933",63,82,105,65,88,117
"Gene_4934",63,99,110,54,96,106
"Gene_4935",43,74,99,66,95,140
"Gene_4936",55,74,122,58,97,129
"Gene_4937",58,72,91,74,89,110
"Gene_4938",61,83,116,71,88,117
"Gene_4939",56,70,99,71,107,129
"Gene_4940",50,83,105,64,98,99
"Gene_4941",57,70,94,72,102,180
"Gene_4942",67,76,98,58,106,117
"Gene_4943",42,90,101,77,106,114
"Gene_4944",50,77,99,73,91,122
"Gene_4945",63,65,103,49,91,126
"Gene_4946",62,90,105,68,102,129
"Gene_4947",53,87,99,62,88,141
"Gene_4948",65,68,113,64,98,111
"Gene_4949",58,66,112,62,86,124
"Gene_4950",64,68,98,72,101,147
"Gene_4951",51,68,110,53,86,135
"Gene_4952",57,92,94,55,90,122
"Gene_4953",43,83,113,64,102,117
"Gene_4954",42,83,81,60,84,105
"Gene_4955",61,94,109,65,98,100
"Gene_4956",50,66,99,70,91,98
"Gene_4957",57,65,95,62,100,122
"Gene_4958",59,84,92,69,113,99
"Gene_4959",60,75,83,66,98,124
"Gene_4960",53,82,112,76,92,98
"Gene_4961",38,85,96,67,102,116
"Gene_4962",57,80,101,58,115,124
"Gene_4963",57,81,104,64,92,129
"Gene_4964",60,82,114,58,94,123
"Gene_4965",50,101,101,58,88,132
"Gene_4966",58,77,109,54,100,122
"Gene_4967",52,90,75,64,112,117
"Gene_4968",55,93,82,72,96,118
"Gene_4969",46,69,109,66,96,128
"Gene_4970",55,69,96,62,92,136
"Gene_4971",50,101,99,73,89,118
"Gene_4972",48,89,100,58,100,111
"Gene_4973",59,80,122,55,94,126
"Gene_4974",50,75,109,62,98,122
"Gene_4975",58,93,121,62,106,120
"Gene_4976",56,63,83,64,95,122
"Gene_4977",52,71,133,68,98,98
"Gene_4978",52,71,117,66,95,126
"Gene_4979",61,74,110,70,112,123
"Gene_4980",59,77,87,44,91,106
"Gene_4981",54,84,112,58,94,96
"Gene_4982",53,69,104,62,104,122
"Gene_4983",37,74,108,70,104,111
"Gene_4984",62,95,95,72,84,116
"Gene_4985",65,74,101,62,100,128
"Gene_4986",53,78,116,60,112,114
"Gene_4987",69,78,99,57,98,126
"Gene_4988",50,92,113,75,83,118
"Gene_4989",54,97,108,70,94,116
"Gene_4990",60,70,90,63,108,128
"Gene_4991",48,88,100,85,77,120
"Gene_4992",62,84,116,64,89,108
"Gene_4993",66,104,82,66,82,124
"Gene_4994",69,71,87,62,78,120
"Gene_4995",54,86,86,74,92,130
"Gene_4996",74,99,117,71,92,132
"Gene_4997",57,71,109,58,84,147
"Gene_4998",58,73,103,57,90,122
"Gene_4999",66,91,91,58,106,130
"Gene_5000",64,69,91,54,116,146
